"pessoa","valor","datas","categoria"
"Diogo",-10.55,2017-09-23,"curso"
"Ana",102.84,2017-09-24,"comida"
"Carla",8.97,2017-09-25,"curso"
"Ana",4.52,2017-09-26,"comida"
"Eva",537.62,2017-09-27,"carro"
"Diogo",76.42,2017-09-28,"comida"
"Bruno",12.14,2017-09-29,"misc"
"Diogo",891.61,2017-09-30,"comida"
"Francisco",84.79,2017-10-01,"comida"
"Eva",-18.95,2017-10-02,"comida"
"Eva",11.61,2017-10-03,"comida"
"Ana",115.11,2017-10-04,"comida"
"Eva",10.61,2017-10-05,"comida"
"Diogo",36.54,2017-10-06,"casa"
"Ana",14.32,2017-10-07,"carro"
"Francisco",6.07,2017-10-08,"curso"
"Bruno",-21.52,2017-10-09,"comida"
"Francisco",-25.51,2017-10-10,"misc"
"Eva",124.48,2017-10-11,"curso"
"Carla",54.8,2017-10-12,"comida"
"Francisco",72.67,2017-10-13,"casa"
"Eva",91.65,2017-10-14,"carro"
"Eva",139.87,2017-10-15,"curso"
"Diogo",302.73,2017-10-16,"casa"
"Eva",17.54,2017-10-17,"carro"
"Ana",11.22,2017-10-18,"curso"
"Bruno",6.08,2017-10-19,"casa"
"Ana",77.82,2017-10-20,"misc"
"Diogo",85.38,2017-10-21,"curso"
"Diogo",-1.13,2017-10-22,"casa"
"Diogo",54.16,2017-10-23,"misc"
"Carla",117.27,2017-10-24,"comida"
"Francisco",-24.58,2017-10-25,"carro"
"Francisco",165.32,2017-10-26,"comida"
"Ana",189.35,2017-10-27,"comida"
"Diogo",43.45,2017-10-28,"comida"
"Diogo",-8.92,2017-10-29,"comida"
"Eva",236.69,2017-10-30,"curso"
"Ana",131.18,2017-10-31,"comida"
"Ana",162.95,2017-11-01,"curso"
"Bruno",341.01,2017-11-02,"comida"
"Bruno",-19.76,2017-11-03,"casa"
"Eva",116.02,2017-11-04,"curso"
"Francisco",-17.79,2017-11-05,"misc"
"Eva",-21.85,2017-11-06,"misc"
"Bruno",-27.54,2017-11-07,"comida"
"Carla",100.71,2017-11-08,"carro"
"Ana",14.72,2017-11-09,"curso"
"Francisco",-1.02,2017-11-10,"casa"
"Ana",26.49,2017-11-11,"casa"
"Bruno",89.18,2017-11-12,"carro"
"Bruno",171.09,2017-11-13,"comida"
"Diogo",0.76,2017-11-14,"carro"
"Diogo",58.35,2017-11-15,"comida"
"Francisco",27.6,2017-11-16,"comida"
"Eva",-19.71,2017-11-17,"casa"
"Francisco",44.47,2017-11-18,"comida"
"Francisco",47.67,2017-11-19,"comida"
"Ana",122.06,2017-11-20,"carro"
"Bruno",1338.12,2017-11-21,"curso"
"Diogo",34.58,2017-11-22,"comida"
"Diogo",60.38,2017-11-23,"comida"
"Carla",66.51,2017-11-24,"comida"
"Francisco",-5.58,2017-11-25,"carro"
"Bruno",487.34,2017-11-26,"comida"
"Francisco",51.47,2017-11-27,"comida"
"Eva",123.27,2017-11-28,"misc"
"Francisco",31.06,2017-11-29,"casa"
"Ana",93.87,2017-11-30,"casa"
"Diogo",18.73,2017-12-01,"casa"
"Diogo",244.15,2017-12-02,"misc"
"Diogo",39.87,2017-12-03,"curso"
"Diogo",-1.38,2017-12-04,"casa"
"Carla",-10.74,2017-12-05,"carro"
"Francisco",504.3,2017-12-06,"curso"
"Francisco",-6.24,2017-12-07,"comida"
"Eva",13.17,2017-12-08,"casa"
"Francisco",-20.44,2017-12-09,"comida"
"Diogo",123.43,2017-12-10,"carro"
"Diogo",64.64,2017-12-11,"misc"
"Francisco",-34.27,2017-12-12,"casa"
"Eva",17.15,2017-12-13,"curso"
"Ana",-21.91,2017-12-14,"casa"
"Eva",14.53,2017-12-15,"casa"
"Diogo",9.89,2017-12-16,"curso"
"Francisco",-12.69,2017-12-17,"curso"
"Bruno",19.38,2017-12-18,"casa"
"Ana",-14.24,2017-12-19,"comida"
"Diogo",560.34,2017-12-20,"casa"
"Carla",81.51,2017-12-21,"casa"
"Eva",38.17,2017-12-22,"casa"
"Ana",-21.36,2017-12-23,"comida"
"Diogo",-4.02,2017-12-24,"casa"
"Diogo",32.6,2017-12-25,"comida"
"Bruno",33.19,2017-12-26,"comida"
"Ana",14.76,2017-12-27,"curso"
"Ana",-13.94,2017-12-28,"carro"
"Ana",30.89,2017-12-29,"comida"
"Diogo",37.23,2017-12-30,"casa"
"Diogo",98.8,2017-12-31,"comida"
"Bruno",28.89,2018-01-01,"casa"
"Bruno",142.84,2018-01-02,"comida"
"Francisco",38.58,2018-01-03,"comida"
"Bruno",19.38,2018-01-04,"comida"
"Carla",43.83,2018-01-05,"carro"
"Diogo",-16.7,2018-01-06,"curso"
"Ana",20,2018-01-07,"comida"
"Carla",160.26,2018-01-08,"comida"
"Diogo",155.89,2018-01-09,"carro"
"Carla",400.62,2018-01-10,"comida"
"Carla",159.22,2018-01-11,"casa"
"Francisco",192.12,2018-01-12,"curso"
"Ana",81.41,2018-01-13,"comida"
"Diogo",-9.97,2018-01-14,"misc"
"Eva",121.23,2018-01-15,"curso"
"Eva",149.52,2018-01-16,"curso"
"Eva",384.92,2018-01-17,"carro"
"Diogo",5.21,2018-01-18,"casa"
"Eva",-11.41,2018-01-19,"casa"
"Eva",97.68,2018-01-20,"comida"
"Ana",-11.73,2018-01-21,"casa"
"Ana",94.41,2018-01-22,"comida"
"Ana",346.94,2018-01-23,"curso"
"Francisco",149.12,2018-01-24,"casa"
"Carla",16.64,2018-01-25,"misc"
"Carla",26.6,2018-01-26,"casa"
"Bruno",79.83,2018-01-27,"curso"
"Bruno",178.83,2018-01-28,"casa"
"Carla",1.24,2018-01-29,"comida"
"Carla",445.75,2018-01-30,"casa"
"Bruno",38.93,2018-01-31,"casa"
"Eva",-33.59,2018-02-01,"carro"
"Eva",24.2,2018-02-02,"curso"
"Ana",177.11,2018-02-03,"comida"
"Eva",383.48,2018-02-04,"casa"
"Ana",181.23,2018-02-05,"misc"
"Ana",89.83,2018-02-06,"carro"
"Francisco",150.68,2018-02-07,"curso"
"Ana",-9.92,2018-02-08,"comida"
"Carla",73.68,2018-02-09,"curso"
"Diogo",161.71,2018-02-10,"comida"
"Eva",297.89,2018-02-11,"comida"
"Eva",244.74,2018-02-12,"casa"
"Bruno",167.25,2018-02-13,"curso"
"Francisco",113.32,2018-02-14,"comida"
"Diogo",82.25,2018-02-15,"curso"
"Carla",-16.37,2018-02-16,"casa"
"Bruno",39.47,2018-02-17,"comida"
"Carla",19.2,2018-02-18,"comida"
"Carla",24.74,2018-02-19,"misc"
"Bruno",490.42,2018-02-20,"casa"
"Bruno",334.06,2018-02-21,"misc"
"Bruno",-13.92,2018-02-22,"misc"
"Ana",39.5,2018-02-23,"casa"
"Carla",15.76,2018-02-24,"curso"
"Bruno",-37.85,2018-02-25,"comida"
"Bruno",298.44,2018-02-26,"comida"
"Francisco",207.93,2018-02-27,"curso"
"Carla",-21.18,2018-02-28,"casa"
"Ana",-14.57,2018-03-01,"curso"
"Bruno",187.03,2018-03-02,"carro"
"Bruno",-36.57,2018-03-03,"carro"
"Bruno",296.05,2018-03-04,"curso"
"Carla",41.19,2018-03-05,"misc"
"Ana",35.64,2018-03-06,"comida"
"Diogo",52.76,2018-03-07,"comida"
"Francisco",-22.19,2018-03-08,"misc"
"Eva",-0.8,2018-03-09,"comida"
"Carla",16.87,2018-03-10,"casa"
"Ana",99.33,2018-03-11,"curso"
"Ana",708.19,2018-03-12,"comida"
"Diogo",3.36,2018-03-13,"comida"
"Carla",157.26,2018-03-14,"comida"
"Eva",53.95,2018-03-15,"misc"
"Eva",212.43,2018-03-16,"casa"
"Francisco",71.81,2018-03-17,"casa"
"Ana",118.16,2018-03-18,"casa"
"Ana",307.51,2018-03-19,"casa"
"Bruno",158,2018-03-20,"comida"
"Carla",153.23,2018-03-21,"comida"
"Francisco",14.96,2018-03-22,"comida"
"Ana",154.01,2018-03-23,"misc"
"Bruno",-5.94,2018-03-24,"carro"
"Eva",34.67,2018-03-25,"casa"
"Francisco",19.65,2018-03-26,"comida"
"Ana",-30.24,2018-03-27,"carro"
"Francisco",59.74,2018-03-28,"comida"
"Bruno",-38.71,2018-03-29,"misc"
"Francisco",572.13,2018-03-30,"comida"
"Ana",2.01,2018-03-31,"misc"
"Francisco",35.01,2018-04-01,"comida"
"Diogo",6.04,2018-04-02,"comida"
"Ana",54.62,2018-04-03,"casa"
"Francisco",138.1,2018-04-04,"misc"
"Eva",314.42,2018-04-05,"curso"
"Bruno",315.81,2018-04-06,"comida"
"Francisco",3019.28,2018-04-07,"casa"
"Diogo",-16.43,2018-04-08,"carro"
"Diogo",25.08,2018-04-09,"casa"
"Carla",8.93,2018-04-10,"curso"
"Diogo",9.13,2018-04-11,"casa"
"Carla",99.98,2018-04-12,"curso"
"Eva",295.55,2018-04-13,"carro"
"Carla",32.84,2018-04-14,"casa"
"Bruno",169.5,2018-04-15,"curso"
"Carla",-23.3,2018-04-16,"casa"
"Francisco",135.09,2018-04-17,"casa"
"Bruno",-2.12,2018-04-18,"casa"
"Carla",84.69,2018-04-19,"comida"
"Francisco",209.9,2018-04-20,"comida"
"Carla",7.27,2018-04-21,"comida"
"Carla",11.8,2018-04-22,"misc"
"Bruno",-7.79,2018-04-23,"carro"
"Bruno",-25.43,2018-04-24,"curso"
"Diogo",29.89,2018-04-25,"comida"
"Diogo",59.54,2018-04-26,"comida"
"Carla",111.57,2018-04-27,"carro"
"Francisco",357.28,2018-04-28,"casa"
"Carla",112.03,2018-04-29,"casa"
"Carla",10.16,2018-04-30,"misc"
"Francisco",256.81,2018-05-01,"comida"
"Diogo",10.01,2018-05-02,"comida"
"Ana",37.71,2018-05-03,"comida"
"Francisco",-33.88,2018-05-04,"comida"
"Diogo",-19.73,2018-05-05,"carro"
"Ana",122.22,2018-05-06,"casa"
"Bruno",547.3,2018-05-07,"comida"
"Carla",-8.07,2018-05-08,"curso"
"Ana",56.71,2018-05-09,"comida"
"Ana",193.06,2018-05-10,"comida"
"Francisco",68.86,2018-05-11,"casa"
"Bruno",104.35,2018-05-12,"curso"
"Carla",13.16,2018-05-13,"casa"
"Eva",58.72,2018-05-14,"comida"
"Ana",98.25,2018-05-15,"casa"
"Ana",664.77,2018-05-16,"comida"
"Carla",34,2018-05-17,"comida"
"Eva",125.5,2018-05-18,"casa"
"Bruno",114.04,2018-05-19,"misc"
"Carla",-27.49,2018-05-20,"casa"
"Diogo",242.05,2018-05-21,"misc"
"Eva",30.13,2018-05-22,"comida"
"Francisco",224.79,2018-05-23,"carro"
"Ana",-30.47,2018-05-24,"casa"
"Francisco",1027.52,2018-05-25,"misc"
"Carla",-13.28,2018-05-26,"casa"
"Eva",100.08,2018-05-27,"curso"
"Ana",84.76,2018-05-28,"comida"
"Eva",-28.66,2018-05-29,"casa"
"Diogo",-34.01,2018-05-30,"casa"
"Eva",174.55,2018-05-31,"misc"
"Carla",126.49,2018-06-01,"curso"
"Eva",21.14,2018-06-02,"carro"
"Francisco",37.81,2018-06-03,"casa"
"Diogo",-15.96,2018-06-04,"carro"
"Bruno",585.17,2018-06-05,"comida"
"Ana",5.37,2018-06-06,"comida"
"Francisco",-24.01,2018-06-07,"comida"
"Ana",-12.64,2018-06-08,"curso"
"Bruno",-13.43,2018-06-09,"comida"
"Diogo",63.88,2018-06-10,"comida"
"Eva",-2.17,2018-06-11,"comida"
"Eva",355.23,2018-06-12,"comida"
"Francisco",189.45,2018-06-13,"casa"
"Eva",136.95,2018-06-14,"comida"
"Bruno",137.67,2018-06-15,"curso"
"Diogo",35.28,2018-06-16,"curso"
"Diogo",53.56,2018-06-17,"carro"
"Carla",57.47,2018-06-18,"comida"
"Carla",413.82,2018-06-19,"comida"
"Bruno",16.03,2018-06-20,"comida"
"Ana",-21.33,2018-06-21,"casa"
"Carla",148.45,2018-06-22,"curso"
"Bruno",83.97,2018-06-23,"curso"
"Bruno",198.52,2018-06-24,"casa"
"Francisco",976.72,2018-06-25,"comida"
"Bruno",-30.99,2018-06-26,"comida"
"Bruno",-0.96,2018-06-27,"comida"
"Francisco",96.58,2018-06-28,"casa"
"Diogo",178.26,2018-06-29,"comida"
"Diogo",24.49,2018-06-30,"comida"
"Carla",211.06,2018-07-01,"comida"
"Francisco",40.08,2018-07-02,"casa"
"Eva",233.06,2018-07-03,"carro"
"Eva",186.66,2018-07-04,"comida"
"Ana",91.19,2018-07-05,"carro"
"Diogo",55.06,2018-07-06,"carro"
"Bruno",38.74,2018-07-07,"comida"
"Eva",172.57,2018-07-08,"misc"
"Bruno",689.49,2018-07-09,"casa"
"Bruno",2461.95,2018-07-10,"comida"
"Diogo",-19.8,2018-07-11,"comida"
"Francisco",55.48,2018-07-12,"comida"
"Carla",-18.42,2018-07-13,"curso"
"Carla",149.5,2018-07-14,"casa"
"Carla",-18.63,2018-07-15,"comida"
"Carla",-11.96,2018-07-16,"comida"
"Bruno",49.43,2018-07-17,"misc"
"Carla",-38.49,2018-07-18,"casa"
"Diogo",9.4,2018-07-19,"comida"
"Bruno",-25.02,2018-07-20,"comida"
"Francisco",70.64,2018-07-21,"comida"
"Francisco",3.99,2018-07-22,"curso"
"Diogo",11.1,2018-07-23,"carro"
"Francisco",24.28,2018-07-24,"misc"
"Diogo",0.96,2018-07-25,"carro"
"Eva",33.08,2018-07-26,"casa"
"Eva",364.41,2018-07-27,"comida"
"Bruno",503.7,2018-07-28,"misc"
"Carla",14.15,2018-07-29,"casa"
"Bruno",5.43,2018-07-30,"misc"
"Francisco",124.01,2018-07-31,"casa"
"Bruno",-8.77,2018-08-01,"casa"
"Carla",-16.51,2018-08-02,"comida"
"Bruno",701.56,2018-08-03,"misc"
"Carla",-17.38,2018-08-04,"comida"
"Carla",-1.45,2018-08-05,"comida"
"Francisco",8.25,2018-08-06,"comida"
"Diogo",6.09,2018-08-07,"misc"
"Eva",63.16,2018-08-08,"curso"
"Carla",186.64,2018-08-09,"curso"
"Ana",111.95,2018-08-10,"casa"
"Ana",322.81,2018-08-11,"casa"
"Francisco",10.93,2018-08-12,"comida"
"Carla",-3.65,2018-08-13,"carro"
"Francisco",14.95,2018-08-14,"comida"
"Ana",-31.59,2018-08-15,"comida"
"Francisco",0.53,2018-08-16,"comida"
"Eva",-11.11,2018-08-17,"curso"
"Francisco",21.21,2018-08-18,"curso"
"Ana",-9.54,2018-08-19,"casa"
"Bruno",4.91,2018-08-20,"comida"
"Eva",52.57,2018-08-21,"comida"
"Eva",-28.39,2018-08-22,"comida"
"Bruno",-35.96,2018-08-23,"casa"
"Eva",141.55,2018-08-24,"casa"
"Bruno",19.39,2018-08-25,"misc"
"Eva",-21.43,2018-08-26,"comida"
"Bruno",480.33,2018-08-27,"comida"
"Bruno",-21.19,2018-08-28,"misc"
"Bruno",6.14,2018-08-29,"curso"
"Bruno",-11.11,2018-08-30,"casa"
"Diogo",-20.61,2018-08-31,"curso"
"Bruno",-1.52,2018-09-01,"comida"
"Carla",37.4,2018-09-02,"casa"
"Carla",57.57,2018-09-03,"carro"
"Bruno",13.3,2018-09-04,"comida"
"Diogo",86.58,2018-09-05,"carro"
"Francisco",-25.37,2018-09-06,"misc"
"Francisco",57.87,2018-09-07,"comida"
"Francisco",59.9,2018-09-08,"comida"
"Eva",78.27,2018-09-09,"curso"
"Diogo",159.38,2018-09-10,"curso"
"Carla",313.6,2018-09-11,"casa"
"Ana",100.41,2018-09-12,"casa"
"Eva",10.26,2018-09-13,"curso"
"Diogo",-25.7,2018-09-14,"curso"
"Carla",191.47,2018-09-15,"casa"
"Diogo",71.76,2018-09-16,"casa"
"Francisco",165.64,2018-09-17,"comida"
"Carla",52.01,2018-09-18,"casa"
"Eva",19.02,2018-09-19,"casa"
"Bruno",11.62,2018-09-20,"casa"
"Bruno",63.42,2018-09-21,"curso"
"Carla",61.46,2018-09-22,"carro"
"Eva",657.16,2018-09-23,"misc"
"Ana",354.06,2018-09-24,"casa"
"Carla",-10.65,2018-09-25,"casa"
"Carla",686.64,2018-09-26,"curso"
"Ana",93.21,2018-09-27,"comida"
"Ana",-6.69,2018-09-28,"comida"
"Ana",12.69,2018-09-29,"comida"
"Francisco",84.34,2018-09-30,"curso"
"Diogo",-16.02,2018-10-01,"casa"
"Bruno",-14.67,2018-10-02,"comida"
"Carla",-44.54,2018-10-03,"casa"
"Diogo",290.53,2018-10-04,"casa"
"Diogo",99.89,2018-10-05,"casa"
"Carla",584.94,2018-10-06,"comida"
"Diogo",125.58,2018-10-07,"misc"
"Ana",-19.57,2018-10-08,"casa"
"Francisco",215.19,2018-10-09,"misc"
"Francisco",56.79,2018-10-10,"casa"
"Eva",55.28,2018-10-11,"casa"
"Francisco",374.71,2018-10-12,"curso"
"Diogo",-31.7,2018-10-13,"casa"
"Eva",139.14,2018-10-14,"curso"
"Carla",-27.37,2018-10-15,"misc"
"Diogo",128.63,2018-10-16,"curso"
"Bruno",493.72,2018-10-17,"comida"
"Bruno",42.97,2018-10-18,"casa"
"Bruno",26.13,2018-10-19,"comida"
"Eva",34.24,2018-10-20,"comida"
"Eva",-32.54,2018-10-21,"casa"
"Diogo",-13.93,2018-10-22,"casa"
"Francisco",117.61,2018-10-23,"curso"
"Eva",-16.73,2018-10-24,"casa"
"Bruno",48.04,2018-10-25,"misc"
"Diogo",163.21,2018-10-26,"comida"
"Ana",446.27,2018-10-27,"misc"
"Eva",323.14,2018-10-28,"curso"
"Carla",155.36,2018-10-29,"curso"
"Diogo",119.47,2018-10-30,"casa"
"Francisco",53.39,2018-10-31,"casa"
"Bruno",103.63,2018-11-01,"casa"
"Francisco",44.22,2018-11-02,"comida"
"Carla",-35.48,2018-11-03,"misc"
"Diogo",107.39,2018-11-04,"casa"
"Carla",24.37,2018-11-05,"comida"
"Carla",226.05,2018-11-06,"curso"
"Francisco",95.92,2018-11-07,"comida"
"Diogo",-29.48,2018-11-08,"casa"
"Eva",-14.89,2018-11-09,"casa"
"Francisco",454.73,2018-11-10,"casa"
"Ana",34.1,2018-11-11,"casa"
"Francisco",44.6,2018-11-12,"comida"
"Francisco",-7.03,2018-11-13,"misc"
"Ana",2.77,2018-11-14,"casa"
"Carla",107.25,2018-11-15,"comida"
"Ana",-0.69,2018-11-16,"curso"
"Francisco",-12.44,2018-11-17,"casa"
"Ana",-22.94,2018-11-18,"curso"
"Bruno",95.86,2018-11-19,"comida"
"Diogo",54.96,2018-11-20,"curso"
"Bruno",49.34,2018-11-21,"comida"
"Diogo",133.3,2018-11-22,"curso"
"Carla",121.71,2018-11-23,"casa"
"Diogo",-11.45,2018-11-24,"comida"
"Ana",30.62,2018-11-25,"casa"
"Bruno",-32.53,2018-11-26,"comida"
"Francisco",120.89,2018-11-27,"comida"
"Eva",9.75,2018-11-28,"comida"
"Bruno",-22.44,2018-11-29,"misc"
"Carla",71.39,2018-11-30,"comida"
"Diogo",17.47,2018-12-01,"comida"
"Eva",82.5,2018-12-02,"casa"
"Francisco",452.46,2018-12-03,"comida"
"Bruno",-36.11,2018-12-04,"curso"
"Francisco",197.68,2018-12-05,"curso"
"Diogo",31.27,2018-12-06,"curso"
"Carla",61.87,2018-12-07,"comida"
"Carla",72.84,2018-12-08,"curso"
"Bruno",102.8,2018-12-09,"misc"
"Francisco",55.68,2018-12-10,"curso"
"Eva",1.62,2018-12-11,"casa"
"Ana",59.93,2018-12-12,"carro"
"Francisco",166.35,2018-12-13,"curso"
"Carla",59,2018-12-14,"comida"
"Diogo",70.7,2018-12-15,"casa"
"Diogo",132.57,2018-12-16,"curso"
"Eva",132.11,2018-12-17,"casa"
"Diogo",34.64,2018-12-18,"comida"
"Carla",163.41,2018-12-19,"comida"
"Francisco",5.31,2018-12-20,"comida"
"Ana",-3.45,2018-12-21,"carro"
"Diogo",19.02,2018-12-22,"misc"
"Francisco",460.52,2018-12-23,"casa"
"Eva",-6.11,2018-12-24,"misc"
"Eva",27.76,2018-12-25,"carro"
"Eva",36.11,2018-12-26,"casa"
"Bruno",74.9,2018-12-27,"comida"
"Bruno",172.27,2018-12-28,"comida"
"Diogo",166.75,2018-12-29,"carro"
"Carla",-24.43,2018-12-30,"comida"
"Ana",-28.04,2018-12-31,"curso"
"Carla",57.46,2019-01-01,"curso"
"Eva",119.32,2019-01-02,"casa"
"Eva",2.58,2019-01-03,"casa"
"Diogo",206.29,2019-01-04,"curso"
"Diogo",397.53,2019-01-05,"comida"
"Bruno",0.38,2019-01-06,"curso"
"Diogo",249.81,2019-01-07,"comida"
"Francisco",170.83,2019-01-08,"comida"
"Ana",-32.81,2019-01-09,"casa"
"Ana",128.3,2019-01-10,"casa"
"Eva",535.8,2019-01-11,"casa"
"Carla",355.25,2019-01-12,"casa"
"Diogo",66.46,2019-01-13,"misc"
"Eva",186.26,2019-01-14,"misc"
"Diogo",214.08,2019-01-15,"misc"
"Francisco",71.65,2019-01-16,"comida"
"Carla",75.39,2019-01-17,"comida"
"Diogo",-35.51,2019-01-18,"casa"
"Ana",106.45,2019-01-19,"carro"
"Diogo",14.02,2019-01-20,"curso"
"Francisco",-8.58,2019-01-21,"casa"
"Francisco",12.41,2019-01-22,"curso"
"Bruno",25.38,2019-01-23,"casa"
"Francisco",61.79,2019-01-24,"curso"
"Eva",32.25,2019-01-25,"misc"
"Eva",-10.06,2019-01-26,"comida"
"Francisco",231.53,2019-01-27,"misc"
"Ana",114.4,2019-01-28,"curso"
"Carla",168.35,2019-01-29,"comida"
"Ana",58.73,2019-01-30,"misc"
"Carla",4.04,2019-01-31,"casa"
"Diogo",113.07,2019-02-01,"comida"
"Francisco",250.54,2019-02-02,"comida"
"Bruno",-12.33,2019-02-03,"curso"
"Francisco",-12.33,2019-02-04,"casa"
"Carla",293.45,2019-02-05,"comida"
"Diogo",-34.4,2019-02-06,"casa"
"Diogo",112.08,2019-02-07,"comida"
"Eva",91.72,2019-02-08,"misc"
"Diogo",13.38,2019-02-09,"comida"
"Francisco",37.53,2019-02-10,"curso"
"Ana",24.1,2019-02-11,"casa"
"Carla",25.22,2019-02-12,"casa"
"Eva",-17.8,2019-02-13,"comida"
"Ana",-20.92,2019-02-14,"misc"
"Bruno",197.71,2019-02-15,"casa"
"Carla",-6.88,2019-02-16,"misc"
"Eva",5.93,2019-02-17,"comida"
"Eva",104.29,2019-02-18,"comida"
"Carla",439.35,2019-02-19,"misc"
"Diogo",-23.13,2019-02-20,"curso"
"Francisco",664.93,2019-02-21,"misc"
"Ana",-42.06,2019-02-22,"casa"
"Diogo",-6.42,2019-02-23,"comida"
"Carla",152.32,2019-02-24,"comida"
"Carla",69.23,2019-02-25,"misc"
"Francisco",90.03,2019-02-26,"casa"
"Eva",139.86,2019-02-27,"comida"
"Bruno",99.33,2019-02-28,"comida"
"Diogo",201.27,2019-03-01,"comida"
"Ana",76.27,2019-03-02,"casa"
"Ana",-22.81,2019-03-03,"carro"
"Eva",67.11,2019-03-04,"curso"
"Diogo",186.86,2019-03-05,"casa"
"Diogo",130.26,2019-03-06,"comida"
"Francisco",-14.42,2019-03-07,"comida"
"Ana",45.13,2019-03-08,"comida"
"Diogo",317.49,2019-03-09,"carro"
"Francisco",32.95,2019-03-10,"comida"
"Carla",50.2,2019-03-11,"comida"
"Eva",114.18,2019-03-12,"comida"
"Eva",332.89,2019-03-13,"carro"
"Eva",-17.59,2019-03-14,"casa"
"Carla",30.24,2019-03-15,"casa"
"Diogo",39.83,2019-03-16,"casa"
"Carla",160.22,2019-03-17,"comida"
"Diogo",44.44,2019-03-18,"comida"
"Eva",-11.99,2019-03-19,"casa"
"Ana",170.07,2019-03-20,"casa"
"Francisco",31.61,2019-03-21,"curso"
"Carla",16.95,2019-03-22,"casa"
"Francisco",11.5,2019-03-23,"comida"
"Diogo",194.2,2019-03-24,"comida"
"Bruno",278.42,2019-03-25,"comida"
"Eva",0.44,2019-03-26,"casa"
"Diogo",-27.95,2019-03-27,"comida"
"Eva",103.34,2019-03-28,"comida"
"Eva",11.54,2019-03-29,"carro"
"Eva",2.29,2019-03-30,"misc"
"Diogo",277.71,2019-03-31,"comida"
"Diogo",438.57,2019-04-01,"comida"
"Carla",45.18,2019-04-02,"comida"
"Bruno",61.73,2019-04-03,"curso"
"Bruno",23.07,2019-04-04,"curso"
"Carla",26.88,2019-04-05,"curso"
"Bruno",72.44,2019-04-06,"carro"
"Eva",5.34,2019-04-07,"comida"
"Ana",174.34,2019-04-08,"comida"
"Diogo",1.68,2019-04-09,"comida"
"Diogo",39.12,2019-04-10,"casa"
"Francisco",38.09,2019-04-11,"carro"
"Carla",18.73,2019-04-12,"carro"
"Francisco",53.6,2019-04-13,"misc"
"Diogo",-43.16,2019-04-14,"comida"
"Bruno",17.18,2019-04-15,"casa"
"Francisco",1.52,2019-04-16,"casa"
"Francisco",8.82,2019-04-17,"casa"
"Diogo",25.3,2019-04-18,"curso"
"Ana",-17.66,2019-04-19,"curso"
"Eva",12.66,2019-04-20,"comida"
"Carla",-15.26,2019-04-21,"casa"
"Carla",-13.83,2019-04-22,"comida"
"Diogo",473.1,2019-04-23,"curso"
"Eva",-3.18,2019-04-24,"curso"
"Eva",77.23,2019-04-25,"curso"
"Eva",91.71,2019-04-26,"comida"
"Francisco",74.1,2019-04-27,"casa"
"Carla",34.23,2019-04-28,"misc"
"Eva",24.72,2019-04-29,"curso"
"Carla",10.86,2019-04-30,"curso"
"Ana",15.2,2019-05-01,"casa"
"Bruno",126.27,2019-05-02,"comida"
"Francisco",73.04,2019-05-03,"casa"
"Ana",69.3,2019-05-04,"carro"
"Carla",60.63,2019-05-05,"casa"
"Carla",-43.25,2019-05-06,"misc"
"Diogo",33.66,2019-05-07,"comida"
"Eva",99.22,2019-05-08,"casa"
"Ana",29.09,2019-05-09,"curso"
"Carla",46.55,2019-05-10,"carro"
"Ana",-23.87,2019-05-11,"casa"
"Francisco",103.38,2019-05-12,"comida"
"Bruno",146.09,2019-05-13,"misc"
"Bruno",28.19,2019-05-14,"curso"
"Eva",32.58,2019-05-15,"curso"
"Carla",208.96,2019-05-16,"comida"
"Eva",-25.63,2019-05-17,"casa"
"Carla",14.15,2019-05-18,"misc"
"Carla",5.68,2019-05-19,"carro"
"Eva",237.21,2019-05-20,"curso"
"Bruno",94.66,2019-05-21,"misc"
"Bruno",-35.3,2019-05-22,"casa"
"Bruno",11.33,2019-05-23,"carro"
"Ana",79.39,2019-05-24,"comida"
"Eva",-32.86,2019-05-25,"comida"
"Bruno",362.53,2019-05-26,"comida"
"Eva",-21.38,2019-05-27,"comida"
"Francisco",43.8,2019-05-28,"comida"
"Bruno",164.55,2019-05-29,"comida"
"Francisco",-4.67,2019-05-30,"comida"
"Ana",80.37,2019-05-31,"casa"
"Ana",11.54,2019-06-01,"curso"
"Diogo",-3.61,2019-06-02,"casa"
"Diogo",292.77,2019-06-03,"casa"
"Eva",493.13,2019-06-04,"misc"
"Carla",90.98,2019-06-05,"curso"
"Eva",254.31,2019-06-06,"curso"
"Eva",46.18,2019-06-07,"comida"
"Eva",126.47,2019-06-08,"carro"
"Francisco",80.73,2019-06-09,"casa"
"Eva",122.76,2019-06-10,"comida"
"Francisco",-18.68,2019-06-11,"curso"
"Ana",411.43,2019-06-12,"casa"
"Carla",-9.31,2019-06-13,"casa"
"Eva",-42.78,2019-06-14,"comida"
"Ana",375.95,2019-06-15,"curso"
"Francisco",336.43,2019-06-16,"casa"
"Carla",-28.59,2019-06-17,"comida"
"Bruno",-6.13,2019-06-18,"comida"
"Eva",192.68,2019-06-19,"casa"
"Bruno",-28.3,2019-06-20,"comida"
"Francisco",-28.57,2019-06-21,"comida"
"Francisco",255.8,2019-06-22,"curso"
"Diogo",2.93,2019-06-23,"casa"
"Diogo",92.81,2019-06-24,"casa"
"Eva",37.44,2019-06-25,"comida"
"Diogo",-10.47,2019-06-26,"comida"
"Francisco",214.39,2019-06-27,"carro"
"Bruno",310.75,2019-06-28,"casa"
"Bruno",139.98,2019-06-29,"comida"
"Diogo",107.63,2019-06-30,"comida"
"Bruno",-8.26,2019-07-01,"comida"
"Diogo",-19.32,2019-07-02,"comida"
"Francisco",41.13,2019-07-03,"comida"
"Ana",118.43,2019-07-04,"misc"
"Bruno",791.19,2019-07-05,"comida"
"Bruno",-6.41,2019-07-06,"curso"
"Bruno",67.48,2019-07-07,"misc"
"Francisco",18.85,2019-07-08,"comida"
"Ana",114.35,2019-07-09,"comida"
"Carla",108.07,2019-07-10,"casa"
"Bruno",-23.11,2019-07-11,"casa"
"Carla",186.03,2019-07-12,"carro"
"Eva",51.13,2019-07-13,"curso"
"Diogo",30.87,2019-07-14,"comida"
"Francisco",9.16,2019-07-15,"misc"
"Carla",285.7,2019-07-16,"comida"
"Bruno",27.6,2019-07-17,"comida"
"Diogo",-12.84,2019-07-18,"comida"
"Eva",51.97,2019-07-19,"comida"
"Carla",692.51,2019-07-20,"misc"
"Ana",44.79,2019-07-21,"curso"
"Diogo",774.03,2019-07-22,"curso"
"Bruno",26.71,2019-07-23,"casa"
"Carla",30.24,2019-07-24,"carro"
"Ana",-18.53,2019-07-25,"comida"
"Diogo",405.72,2019-07-26,"misc"
"Ana",-8.04,2019-07-27,"misc"
"Ana",74.54,2019-07-28,"misc"
"Bruno",41.63,2019-07-29,"misc"
"Bruno",60.79,2019-07-30,"casa"
"Bruno",131.51,2019-07-31,"casa"
"Francisco",-30.98,2019-08-01,"casa"
"Carla",19.97,2019-08-02,"comida"
"Bruno",-15.79,2019-08-03,"comida"
"Francisco",11.9,2019-08-04,"comida"
"Eva",-17.49,2019-08-05,"comida"
"Ana",34.43,2019-08-06,"casa"
"Bruno",24.3,2019-08-07,"curso"
"Ana",21.75,2019-08-08,"casa"
"Eva",79.42,2019-08-09,"carro"
"Diogo",14.93,2019-08-10,"casa"
"Ana",328.52,2019-08-11,"comida"
"Carla",360.24,2019-08-12,"curso"
"Ana",-18.01,2019-08-13,"curso"
"Eva",51.87,2019-08-14,"comida"
"Carla",84,2019-08-15,"comida"
"Eva",50.83,2019-08-16,"casa"
"Ana",-16.4,2019-08-17,"comida"
"Bruno",17.93,2019-08-18,"comida"
"Francisco",-27.59,2019-08-19,"casa"
"Ana",-33.9,2019-08-20,"comida"
"Ana",851.23,2019-08-21,"casa"
"Diogo",57.5,2019-08-22,"casa"
"Francisco",2.4,2019-08-23,"comida"
"Eva",14.84,2019-08-24,"comida"
"Bruno",165.86,2019-08-25,"carro"
"Carla",54.78,2019-08-26,"misc"
"Eva",167.41,2019-08-27,"comida"
"Diogo",598.73,2019-08-28,"curso"
"Ana",105.4,2019-08-29,"curso"
"Bruno",13.38,2019-08-30,"curso"
"Ana",97.21,2019-08-31,"comida"
"Francisco",73.76,2019-09-01,"misc"
"Carla",494.32,2019-09-02,"curso"
"Carla",79.11,2019-09-03,"comida"
"Bruno",966.64,2019-09-04,"comida"
"Diogo",28.82,2019-09-05,"comida"
"Carla",57.11,2019-09-06,"casa"
"Diogo",98.55,2019-09-07,"casa"
"Carla",184.84,2019-09-08,"carro"
"Francisco",84.33,2019-09-09,"casa"
"Francisco",28.7,2019-09-10,"casa"
"Ana",618.32,2019-09-11,"comida"
"Eva",354.86,2019-09-12,"curso"
"Bruno",-2.2,2019-09-13,"curso"
"Diogo",64.6,2019-09-14,"casa"
"Bruno",225.21,2019-09-15,"casa"
"Diogo",115.47,2019-09-16,"casa"
"Francisco",699.51,2019-09-17,"carro"
"Diogo",133.03,2019-09-18,"comida"
"Francisco",61.9,2019-09-19,"carro"
"Diogo",2.31,2019-09-20,"comida"
"Ana",-23.15,2019-09-21,"curso"
"Carla",47.91,2019-09-22,"casa"
"Carla",-21.09,2019-09-23,"comida"
"Diogo",67.44,2019-09-24,"comida"
"Bruno",4.96,2019-09-25,"misc"
"Diogo",-5.14,2019-09-26,"comida"
"Bruno",21.28,2019-09-27,"carro"
"Eva",-28.71,2019-09-28,"comida"
"Carla",1717.19,2019-09-29,"casa"
"Ana",59.3,2019-09-30,"curso"
"Bruno",307.57,2019-10-01,"casa"
"Diogo",296.97,2019-10-02,"casa"
"Eva",-23.01,2019-10-03,"curso"
"Francisco",10.97,2019-10-04,"casa"
"Diogo",47.55,2019-10-05,"casa"
"Ana",199.09,2019-10-06,"casa"
"Eva",317.28,2019-10-07,"curso"
"Eva",94.13,2019-10-08,"curso"
"Carla",31.68,2019-10-09,"casa"
"Francisco",7.2,2019-10-10,"comida"
"Eva",-1.27,2019-10-11,"casa"
"Francisco",662.21,2019-10-12,"curso"
"Bruno",62.21,2019-10-13,"casa"
"Carla",57.61,2019-10-14,"comida"
"Francisco",35.47,2019-10-15,"comida"
"Francisco",239.89,2019-10-16,"casa"
"Eva",-30.21,2019-10-17,"casa"
"Diogo",-5.74,2019-10-18,"casa"
"Diogo",14.02,2019-10-19,"casa"
"Francisco",4.38,2019-10-20,"comida"
"Ana",56.16,2019-10-21,"casa"
"Bruno",-8.61,2019-10-22,"casa"
"Bruno",13.37,2019-10-23,"comida"
"Diogo",11.95,2019-10-24,"carro"
"Ana",313.22,2019-10-25,"comida"
"Eva",-21.91,2019-10-26,"curso"
"Bruno",45.13,2019-10-27,"misc"
"Eva",-10.85,2019-10-28,"comida"
"Ana",649.36,2019-10-29,"casa"
"Diogo",8.98,2019-10-30,"casa"
"Bruno",-7.28,2019-10-31,"curso"
"Ana",10.88,2019-11-01,"curso"
"Bruno",275.46,2019-11-02,"casa"
"Carla",91.11,2019-11-03,"comida"
"Diogo",-21.07,2019-11-04,"comida"
"Francisco",-33.57,2019-11-05,"curso"
"Francisco",-10,2019-11-06,"comida"
"Francisco",-11.06,2019-11-07,"comida"
"Carla",52.45,2019-11-08,"comida"
"Diogo",233.34,2019-11-09,"comida"
"Francisco",38.25,2019-11-10,"comida"
"Francisco",4.58,2019-11-11,"carro"
"Ana",102.04,2019-11-12,"comida"
"Eva",10.21,2019-11-13,"casa"
"Bruno",100.65,2019-11-14,"comida"
"Diogo",-8.12,2019-11-15,"misc"
"Francisco",58.12,2019-11-16,"curso"
"Eva",922.65,2019-11-17,"curso"
"Eva",-6.94,2019-11-18,"curso"
"Francisco",13.11,2019-11-19,"misc"
"Diogo",457.15,2019-11-20,"curso"
"Ana",35.7,2019-11-21,"curso"
"Ana",148.07,2019-11-22,"comida"
"Diogo",77.2,2019-11-23,"curso"
"Ana",23,2019-11-24,"curso"
"Eva",45.59,2019-11-25,"casa"
"Bruno",48.36,2019-11-26,"curso"
"Carla",11.61,2019-11-27,"carro"
"Francisco",-9.4,2019-11-28,"curso"
"Carla",402.72,2019-11-29,"casa"
"Bruno",133.15,2019-11-30,"casa"
"Diogo",59.83,2019-12-01,"comida"
"Carla",305.01,2019-12-02,"curso"
"Diogo",245.37,2019-12-03,"casa"
"Ana",301.74,2019-12-04,"casa"
"Carla",-20.51,2019-12-05,"casa"
"Eva",44.45,2019-12-06,"casa"
"Diogo",1.38,2019-12-07,"misc"
"Eva",4.96,2019-12-08,"curso"
"Ana",-4.82,2019-12-09,"comida"
"Bruno",13.47,2019-12-10,"curso"
"Ana",-34.84,2019-12-11,"comida"
"Ana",37.07,2019-12-12,"casa"
"Francisco",3.23,2019-12-13,"casa"
"Bruno",447.7,2019-12-14,"casa"
"Diogo",-18.63,2019-12-15,"curso"
"Bruno",8.62,2019-12-16,"casa"
"Eva",481.93,2019-12-17,"curso"
"Francisco",155.88,2019-12-18,"misc"
"Ana",35.97,2019-12-19,"casa"
"Carla",39.32,2019-12-20,"casa"
"Bruno",40.98,2019-12-21,"curso"
"Francisco",194.32,2019-12-22,"carro"
"Ana",1354.8,2019-12-23,"curso"
"Ana",-36.35,2019-12-24,"comida"
"Carla",39.64,2019-12-25,"carro"
"Ana",38.15,2019-12-26,"casa"
"Ana",194.43,2019-12-27,"carro"
"Carla",13.12,2019-12-28,"comida"
"Ana",16.18,2019-12-29,"comida"
"Diogo",-31.56,2019-12-30,"misc"
"Ana",122.73,2019-12-31,"casa"
"Carla",-35.9,2020-01-01,"curso"
"Diogo",170.61,2020-01-02,"misc"
"Carla",162.71,2020-01-03,"curso"
"Diogo",627.62,2020-01-04,"carro"
"Carla",-31.88,2020-01-05,"casa"
"Carla",-42.96,2020-01-06,"carro"
"Carla",268.55,2020-01-07,"comida"
"Eva",17.78,2020-01-08,"carro"
"Eva",-39.26,2020-01-09,"misc"
"Ana",292.95,2020-01-10,"casa"
"Carla",21.9,2020-01-11,"comida"
"Bruno",-18.41,2020-01-12,"casa"
"Eva",258.66,2020-01-13,"comida"
"Francisco",50.17,2020-01-14,"curso"
"Eva",-27.27,2020-01-15,"comida"
"Ana",119.54,2020-01-16,"comida"
"Francisco",-33.76,2020-01-17,"comida"
"Ana",-3.7,2020-01-18,"casa"
"Francisco",548.44,2020-01-19,"curso"
"Ana",64.11,2020-01-20,"casa"
"Carla",84.75,2020-01-21,"curso"
"Bruno",-0.58,2020-01-22,"casa"
"Eva",204.96,2020-01-23,"casa"
"Carla",33.09,2020-01-24,"curso"
"Eva",295.32,2020-01-25,"comida"
"Ana",35.15,2020-01-26,"carro"
"Francisco",-14.94,2020-01-27,"comida"
"Eva",14.25,2020-01-28,"carro"
"Bruno",-42.41,2020-01-29,"casa"
"Ana",60.39,2020-01-30,"casa"
"Eva",3.64,2020-01-31,"curso"
"Carla",-17.48,2020-02-01,"curso"
"Francisco",130.56,2020-02-02,"comida"
"Eva",-24.9,2020-02-03,"carro"
"Diogo",184.95,2020-02-04,"comida"
"Bruno",170.91,2020-02-05,"curso"
"Ana",26.43,2020-02-06,"comida"
"Francisco",-18.66,2020-02-07,"casa"
"Eva",773.44,2020-02-08,"casa"
"Carla",176.48,2020-02-09,"casa"
"Ana",126.07,2020-02-10,"misc"
"Bruno",211.7,2020-02-11,"casa"
"Bruno",94.44,2020-02-12,"curso"
"Carla",23.88,2020-02-13,"casa"
"Carla",150.3,2020-02-14,"curso"
"Diogo",-0.95,2020-02-15,"curso"
"Bruno",24.56,2020-02-16,"comida"
"Francisco",-30.4,2020-02-17,"carro"
"Diogo",380.26,2020-02-18,"curso"
"Eva",232.39,2020-02-19,"casa"
"Diogo",220.39,2020-02-20,"comida"
"Eva",-2.32,2020-02-21,"misc"
"Ana",-27.14,2020-02-22,"comida"
"Ana",76.46,2020-02-23,"curso"
"Eva",202.63,2020-02-24,"casa"
"Francisco",32.97,2020-02-25,"casa"
"Eva",30.46,2020-02-26,"carro"
"Carla",112.85,2020-02-27,"curso"
"Francisco",-33.86,2020-02-28,"casa"
"Francisco",81.06,2020-02-29,"curso"
"Ana",-1.4,2020-03-01,"comida"
"Ana",171.07,2020-03-02,"curso"
"Francisco",106.73,2020-03-03,"comida"
"Francisco",25.54,2020-03-04,"comida"
"Bruno",-2.2,2020-03-05,"misc"
"Francisco",20.97,2020-03-06,"casa"
"Diogo",82.16,2020-03-07,"carro"
"Bruno",-35.35,2020-03-08,"curso"
"Bruno",204.31,2020-03-09,"comida"
"Carla",94.76,2020-03-10,"casa"
"Bruno",-13.43,2020-03-11,"carro"
"Bruno",53.51,2020-03-12,"curso"
"Ana",297.77,2020-03-13,"casa"
"Bruno",113.15,2020-03-14,"comida"
"Carla",1134.11,2020-03-15,"casa"
"Carla",433.7,2020-03-16,"casa"
"Bruno",-6.08,2020-03-17,"curso"
"Carla",76.6,2020-03-18,"casa"
"Bruno",-30.09,2020-03-19,"comida"
"Diogo",109.29,2020-03-20,"curso"
"Bruno",24.26,2020-03-21,"curso"
"Francisco",30.55,2020-03-22,"casa"
"Francisco",50.5,2020-03-23,"misc"
"Francisco",115.58,2020-03-24,"comida"
"Eva",-23.07,2020-03-25,"comida"
"Francisco",85.49,2020-03-26,"curso"
"Diogo",141.64,2020-03-27,"carro"
"Eva",11.71,2020-03-28,"comida"
"Ana",68.66,2020-03-29,"curso"
"Carla",-29.08,2020-03-30,"casa"
"Carla",62.92,2020-03-31,"curso"
"Carla",-6.31,2020-04-01,"comida"
"Diogo",14.24,2020-04-02,"comida"
"Carla",126.35,2020-04-03,"casa"
"Carla",-33.71,2020-04-04,"casa"
"Bruno",300.37,2020-04-05,"casa"
"Carla",72.47,2020-04-06,"misc"
"Carla",89.04,2020-04-07,"misc"
"Francisco",73.74,2020-04-08,"comida"
"Ana",74.65,2020-04-09,"casa"
"Diogo",8.49,2020-04-10,"comida"
"Ana",256.37,2020-04-11,"casa"
"Francisco",2.54,2020-04-12,"casa"
"Carla",-2.99,2020-04-13,"casa"
"Ana",131.63,2020-04-14,"curso"
"Bruno",-6.34,2020-04-15,"curso"
"Eva",-10.98,2020-04-16,"casa"
"Eva",-6.1,2020-04-17,"comida"
"Eva",85.87,2020-04-18,"casa"
"Francisco",-11.26,2020-04-19,"comida"
"Bruno",29.64,2020-04-20,"carro"
"Diogo",44.75,2020-04-21,"carro"
"Eva",548.5,2020-04-22,"casa"
"Ana",344.26,2020-04-23,"casa"
"Carla",-28.95,2020-04-24,"casa"
"Eva",658.44,2020-04-25,"carro"
"Bruno",-12.07,2020-04-26,"curso"
"Carla",4.7,2020-04-27,"curso"
"Carla",193.3,2020-04-28,"casa"
"Francisco",92.22,2020-04-29,"comida"
"Bruno",230.62,2020-04-30,"comida"
"Carla",227.62,2020-05-01,"casa"
"Francisco",-20.44,2020-05-02,"curso"
"Carla",-29.83,2020-05-03,"curso"
"Carla",-14.08,2020-05-04,"comida"
"Francisco",78.56,2020-05-05,"comida"
"Diogo",42.13,2020-05-06,"comida"
"Carla",47.43,2020-05-07,"curso"
"Francisco",70.29,2020-05-08,"casa"
"Diogo",-35.02,2020-05-09,"casa"
"Eva",56.31,2020-05-10,"casa"
"Bruno",50.83,2020-05-11,"comida"
"Ana",18.47,2020-05-12,"curso"
"Francisco",118.89,2020-05-13,"curso"
"Carla",104.67,2020-05-14,"casa"
"Carla",22.38,2020-05-15,"comida"
"Ana",-18.21,2020-05-16,"comida"
"Diogo",-13.6,2020-05-17,"comida"
"Francisco",217.14,2020-05-18,"curso"
"Eva",15.65,2020-05-19,"carro"
"Carla",-27.68,2020-05-20,"comida"
"Bruno",29.15,2020-05-21,"casa"
"Eva",9.72,2020-05-22,"casa"
"Eva",121.98,2020-05-23,"casa"
"Ana",102.77,2020-05-24,"curso"
"Bruno",-31.3,2020-05-25,"casa"
"Bruno",-10.78,2020-05-26,"misc"
"Eva",11.66,2020-05-27,"casa"
"Bruno",55.76,2020-05-28,"curso"
"Francisco",129.17,2020-05-29,"curso"
"Carla",-2.02,2020-05-30,"comida"
"Ana",53.66,2020-05-31,"casa"
"Diogo",-34.88,2020-06-01,"curso"
"Diogo",2.7,2020-06-02,"casa"
"Carla",-29.4,2020-06-03,"curso"
"Carla",-33.73,2020-06-04,"casa"
"Eva",25.93,2020-06-05,"carro"
"Eva",-18.63,2020-06-06,"casa"
"Ana",17.87,2020-06-07,"curso"
"Eva",-1.12,2020-06-08,"curso"
"Francisco",90.61,2020-06-09,"comida"
"Bruno",6.49,2020-06-10,"curso"
"Diogo",48.06,2020-06-11,"comida"
"Carla",-24.75,2020-06-12,"casa"
"Carla",30.44,2020-06-13,"comida"
"Eva",-20.89,2020-06-14,"comida"
"Eva",-14.48,2020-06-15,"casa"
"Eva",384.07,2020-06-16,"comida"
"Ana",-23.87,2020-06-17,"curso"
"Bruno",273.2,2020-06-18,"curso"
"Carla",11.82,2020-06-19,"casa"
"Francisco",156.17,2020-06-20,"casa"
"Eva",64.09,2020-06-21,"comida"
"Ana",119.51,2020-06-22,"misc"
"Francisco",343.29,2020-06-23,"comida"
"Diogo",648.52,2020-06-24,"comida"
"Carla",107.56,2020-06-25,"comida"
"Bruno",41.53,2020-06-26,"misc"
"Diogo",-6.47,2020-06-27,"misc"
"Diogo",220.49,2020-06-28,"casa"
"Diogo",34.57,2020-06-29,"comida"
"Eva",20.08,2020-06-30,"misc"
"Eva",-33.81,2020-07-01,"casa"
"Carla",38.98,2020-07-02,"casa"
"Eva",-6.25,2020-07-03,"casa"
"Francisco",-14.69,2020-07-04,"casa"
"Diogo",28.94,2020-07-05,"curso"
"Bruno",63.04,2020-07-06,"casa"
"Francisco",-28.84,2020-07-07,"comida"
"Carla",-27.63,2020-07-08,"comida"
"Carla",487.31,2020-07-09,"comida"
"Ana",93.48,2020-07-10,"misc"
"Bruno",122.09,2020-07-11,"curso"
"Ana",-4.65,2020-07-12,"comida"
"Bruno",648.74,2020-07-13,"casa"
"Diogo",149.24,2020-07-14,"casa"
"Francisco",81.72,2020-07-15,"carro"
"Francisco",211.41,2020-07-16,"casa"
"Bruno",35.35,2020-07-17,"casa"
"Diogo",161.8,2020-07-18,"comida"
"Francisco",-27.39,2020-07-19,"carro"
"Carla",322.51,2020-07-20,"carro"
"Eva",4.15,2020-07-21,"misc"
"Carla",42.12,2020-07-22,"curso"
"Carla",159.5,2020-07-23,"comida"
"Francisco",544.9,2020-07-24,"comida"
"Bruno",409.65,2020-07-25,"comida"
"Carla",-24.77,2020-07-26,"casa"
"Bruno",-32.02,2020-07-27,"casa"
"Diogo",100.06,2020-07-28,"comida"
"Diogo",55.5,2020-07-29,"curso"
"Ana",1.15,2020-07-30,"carro"
"Diogo",242.72,2020-07-31,"curso"
"Ana",255.28,2020-08-01,"curso"
"Bruno",100.6,2020-08-02,"curso"
"Francisco",142.67,2020-08-03,"casa"
"Francisco",364.88,2020-08-04,"casa"
"Ana",8.01,2020-08-05,"comida"
"Francisco",142.86,2020-08-06,"curso"
"Eva",81.27,2020-08-07,"casa"
"Francisco",13.84,2020-08-08,"casa"
"Ana",29.72,2020-08-09,"curso"
"Diogo",89.26,2020-08-10,"misc"
"Eva",59.87,2020-08-11,"casa"
"Diogo",48.17,2020-08-12,"casa"
"Ana",-10.88,2020-08-13,"casa"
"Carla",175.46,2020-08-14,"casa"
"Bruno",319.77,2020-08-15,"casa"
"Diogo",166.77,2020-08-16,"comida"
"Francisco",80.76,2020-08-17,"comida"
"Bruno",62.74,2020-08-18,"casa"
"Bruno",8.29,2020-08-19,"comida"
"Carla",29.69,2020-08-20,"carro"
"Francisco",660.42,2020-08-21,"curso"
"Bruno",11.03,2020-08-22,"casa"
"Ana",91.62,2020-08-23,"curso"
"Carla",17.37,2020-08-24,"casa"
"Eva",67.72,2020-08-25,"curso"
"Eva",228.15,2020-08-26,"casa"
"Ana",155.71,2020-08-27,"curso"
"Diogo",73.19,2020-08-28,"comida"
"Carla",90.03,2020-08-29,"comida"
"Francisco",8.76,2020-08-30,"carro"
"Carla",-4.55,2020-08-31,"comida"
"Diogo",13.09,2020-09-01,"casa"
"Ana",49.76,2020-09-02,"curso"
"Carla",-24.53,2020-09-03,"misc"
"Diogo",11.06,2020-09-04,"misc"
"Diogo",88.23,2020-09-05,"casa"
"Eva",55,2020-09-06,"carro"
"Ana",-18.27,2020-09-07,"casa"
"Diogo",132.3,2020-09-08,"comida"
"Francisco",-23.59,2020-09-09,"curso"
"Ana",47.27,2020-09-10,"carro"
"Diogo",248.21,2020-09-11,"carro"
"Carla",-30.94,2020-09-12,"casa"
"Diogo",317.46,2020-09-13,"comida"
"Carla",43.81,2020-09-14,"casa"
"Carla",40.1,2020-09-15,"curso"
"Bruno",41.37,2020-09-16,"casa"
"Francisco",-5.85,2020-09-17,"comida"
"Bruno",-38.1,2020-09-18,"misc"
"Bruno",178.37,2020-09-19,"comida"
"Carla",403.17,2020-09-20,"casa"
"Eva",14.54,2020-09-21,"comida"
"Francisco",155.64,2020-09-22,"comida"
"Diogo",2.09,2020-09-23,"comida"
"Bruno",870.22,2020-09-24,"casa"
"Diogo",71.81,2020-09-25,"casa"
"Bruno",-0.01,2020-09-26,"comida"
"Francisco",-34.68,2020-09-27,"misc"
"Diogo",-14.84,2020-09-28,"casa"
"Eva",15.94,2020-09-29,"casa"
"Eva",396.24,2020-09-30,"casa"
"Francisco",-3.49,2020-10-01,"casa"
"Francisco",74.37,2020-10-02,"curso"
"Francisco",44.08,2020-10-03,"casa"
"Francisco",15.6,2020-10-04,"casa"
"Carla",-0.12,2020-10-05,"casa"
"Francisco",186.25,2020-10-06,"casa"
"Eva",362.85,2020-10-07,"curso"
"Ana",158.76,2020-10-08,"curso"
"Diogo",94.76,2020-10-09,"comida"
"Francisco",82.38,2020-10-10,"casa"
"Diogo",989.8,2020-10-11,"carro"
"Bruno",156.92,2020-10-12,"misc"
"Ana",109.54,2020-10-13,"misc"
"Diogo",59.75,2020-10-14,"curso"
"Francisco",-2.76,2020-10-15,"misc"
"Diogo",209.8,2020-10-16,"misc"
"Francisco",-15.17,2020-10-17,"comida"
"Bruno",-23.1,2020-10-18,"curso"
"Diogo",61.94,2020-10-19,"casa"
"Carla",24.31,2020-10-20,"comida"
"Diogo",185.92,2020-10-21,"comida"
"Carla",-16.01,2020-10-22,"casa"
"Ana",2200.77,2020-10-23,"comida"
"Diogo",101.87,2020-10-24,"curso"
"Francisco",48.34,2020-10-25,"curso"
"Eva",314.79,2020-10-26,"casa"
"Ana",-27.49,2020-10-27,"casa"
"Francisco",69.86,2020-10-28,"comida"
"Eva",-29.49,2020-10-29,"curso"
"Francisco",328.82,2020-10-30,"comida"
"Eva",-16.99,2020-10-31,"curso"
"Diogo",175.18,2020-11-01,"casa"
"Ana",30.89,2020-11-02,"comida"
"Diogo",4.42,2020-11-03,"casa"
"Carla",6.43,2020-11-04,"comida"
"Eva",60.48,2020-11-05,"comida"
"Carla",35.44,2020-11-06,"misc"
"Bruno",69.29,2020-11-07,"curso"
"Ana",114.78,2020-11-08,"casa"
"Carla",61.71,2020-11-09,"casa"
"Ana",3.3,2020-11-10,"comida"
"Diogo",284.82,2020-11-11,"comida"
"Carla",12.4,2020-11-12,"carro"
"Ana",219.58,2020-11-13,"curso"
"Eva",362.36,2020-11-14,"curso"
"Ana",-15.37,2020-11-15,"casa"
"Carla",96,2020-11-16,"comida"
"Bruno",-18.7,2020-11-17,"comida"
"Diogo",-7.78,2020-11-18,"curso"
"Diogo",50.25,2020-11-19,"curso"
"Eva",105.44,2020-11-20,"misc"
"Ana",-27.58,2020-11-21,"comida"
"Ana",100.64,2020-11-22,"casa"
"Ana",-42.65,2020-11-23,"casa"
"Diogo",6.63,2020-11-24,"casa"
"Bruno",71.15,2020-11-25,"comida"
"Bruno",0.44,2020-11-26,"casa"
"Eva",29.87,2020-11-27,"carro"
"Carla",5.46,2020-11-28,"comida"
"Ana",108.18,2020-11-29,"carro"
"Ana",99.98,2020-11-30,"misc"
"Carla",130.39,2020-12-01,"curso"
"Francisco",102.43,2020-12-02,"casa"
"Diogo",79.53,2020-12-03,"casa"
"Carla",204.34,2020-12-04,"comida"
"Eva",36.67,2020-12-05,"comida"
"Francisco",123.66,2020-12-06,"curso"
"Ana",101.5,2020-12-07,"comida"
"Francisco",24.11,2020-12-08,"casa"
"Carla",-12.23,2020-12-09,"casa"
"Ana",-30.07,2020-12-10,"curso"
"Francisco",-10.54,2020-12-11,"curso"
"Bruno",99.31,2020-12-12,"comida"
"Diogo",5.71,2020-12-13,"comida"
"Carla",-4.44,2020-12-14,"casa"
"Diogo",73.07,2020-12-15,"comida"
"Diogo",49.08,2020-12-16,"misc"
"Diogo",382.07,2020-12-17,"comida"
"Francisco",67.22,2020-12-18,"carro"
"Eva",18.57,2020-12-19,"comida"
"Eva",-2.42,2020-12-20,"carro"
"Ana",46.25,2020-12-21,"casa"
"Bruno",162.06,2020-12-22,"casa"
"Carla",-3.26,2020-12-23,"comida"
"Francisco",-25.35,2020-12-24,"casa"
"Ana",378.64,2020-12-25,"casa"
"Eva",1371.41,2020-12-26,"carro"
"Carla",70.42,2020-12-27,"curso"
"Carla",31.74,2020-12-28,"comida"
"Bruno",-15.32,2020-12-29,"casa"
"Diogo",8.95,2020-12-30,"casa"
"Francisco",-29.88,2020-12-31,"casa"
"Diogo",-3.27,2021-01-01,"casa"
"Eva",22.54,2021-01-02,"carro"
"Eva",45.24,2021-01-03,"casa"
"Eva",338.57,2021-01-04,"comida"
"Carla",35.28,2021-01-05,"curso"
"Diogo",-14.07,2021-01-06,"casa"
"Diogo",302.59,2021-01-07,"comida"
"Francisco",268.88,2021-01-08,"comida"
"Francisco",-30.36,2021-01-09,"casa"
"Ana",143.5,2021-01-10,"casa"
"Ana",54.96,2021-01-11,"casa"
"Eva",-30.86,2021-01-12,"curso"
"Carla",388.9,2021-01-13,"carro"
"Bruno",34.82,2021-01-14,"carro"
"Ana",-21.02,2021-01-15,"carro"
"Ana",-15.7,2021-01-16,"casa"
"Diogo",229.34,2021-01-17,"curso"
"Carla",96.13,2021-01-18,"comida"
"Eva",769.21,2021-01-19,"casa"
"Diogo",17.14,2021-01-20,"misc"
"Carla",106.86,2021-01-21,"curso"
"Diogo",29.62,2021-01-22,"curso"
"Bruno",-1.48,2021-01-23,"comida"
"Francisco",334.83,2021-01-24,"curso"
"Ana",324.28,2021-01-25,"curso"
"Diogo",-2.99,2021-01-26,"casa"
"Francisco",547.66,2021-01-27,"comida"
"Carla",8.94,2021-01-28,"curso"
"Ana",-3.15,2021-01-29,"comida"
"Carla",14.06,2021-01-30,"carro"
"Bruno",25.99,2021-01-31,"curso"
"Francisco",45.95,2021-02-01,"misc"
"Carla",253.27,2021-02-02,"carro"
"Ana",-5.97,2021-02-03,"curso"
"Bruno",16.14,2021-02-04,"curso"
"Ana",123.32,2021-02-05,"comida"
"Bruno",-6.09,2021-02-06,"curso"
"Diogo",185.87,2021-02-07,"casa"
"Bruno",121.89,2021-02-08,"casa"
"Francisco",-7.4,2021-02-09,"casa"
"Carla",-24.93,2021-02-10,"casa"
"Francisco",-1.14,2021-02-11,"misc"
"Carla",40.02,2021-02-12,"misc"
"Eva",244.59,2021-02-13,"comida"
"Carla",23.76,2021-02-14,"carro"
"Francisco",-6.45,2021-02-15,"comida"
"Bruno",366.7,2021-02-16,"casa"
"Diogo",-33.63,2021-02-17,"carro"
"Carla",16.48,2021-02-18,"carro"
"Carla",168.69,2021-02-19,"comida"
"Bruno",-9.42,2021-02-20,"misc"
"Carla",-17.71,2021-02-21,"comida"
"Diogo",53.77,2021-02-22,"misc"
"Francisco",18.16,2021-02-23,"carro"
"Eva",164.73,2021-02-24,"misc"
"Ana",-5.3,2021-02-25,"casa"
"Ana",4.74,2021-02-26,"curso"
"Diogo",597.98,2021-02-27,"comida"
"Ana",3.76,2021-02-28,"curso"
"Carla",51.09,2021-03-01,"casa"
"Bruno",17.52,2021-03-02,"curso"
"Francisco",166.68,2021-03-03,"curso"
"Ana",-24.56,2021-03-04,"comida"
"Ana",84.1,2021-03-05,"comida"
"Eva",84.86,2021-03-06,"carro"
"Diogo",516.59,2021-03-07,"casa"
"Eva",287.7,2021-03-08,"casa"
"Diogo",325.85,2021-03-09,"comida"
"Bruno",160.5,2021-03-10,"casa"
"Diogo",15.52,2021-03-11,"comida"
"Ana",20.88,2021-03-12,"carro"
"Carla",158.7,2021-03-13,"carro"
"Bruno",23.98,2021-03-14,"misc"
"Carla",-36.27,2021-03-15,"comida"
"Diogo",488.68,2021-03-16,"comida"
"Francisco",36.55,2021-03-17,"comida"
"Eva",265.38,2021-03-18,"misc"
"Diogo",34.17,2021-03-19,"comida"
"Bruno",119.33,2021-03-20,"curso"
"Ana",-36.84,2021-03-21,"casa"
"Bruno",672.36,2021-03-22,"comida"
"Francisco",45.81,2021-03-23,"casa"
"Diogo",-29.08,2021-03-24,"casa"
"Eva",51.43,2021-03-25,"comida"
"Carla",525.61,2021-03-26,"casa"
"Diogo",-14.52,2021-03-27,"casa"
"Ana",101.24,2021-03-28,"comida"
"Francisco",53.26,2021-03-29,"misc"
"Ana",-26.84,2021-03-30,"misc"
"Ana",710.2,2021-03-31,"comida"
"Francisco",-5.84,2021-04-01,"comida"
"Diogo",89.89,2021-04-02,"misc"
"Bruno",-7.7,2021-04-03,"comida"
"Diogo",474.45,2021-04-04,"comida"
"Francisco",53.09,2021-04-05,"comida"
"Diogo",-0.02,2021-04-06,"curso"
"Bruno",29.07,2021-04-07,"casa"
"Diogo",-8.48,2021-04-08,"comida"
"Bruno",19.03,2021-04-09,"curso"
"Carla",57.27,2021-04-10,"curso"
"Carla",49.29,2021-04-11,"curso"
"Bruno",14.15,2021-04-12,"casa"
"Francisco",322.32,2021-04-13,"curso"
"Bruno",-47.22,2021-04-14,"casa"
"Bruno",66.62,2021-04-15,"comida"
"Eva",99.61,2021-04-16,"casa"
"Bruno",134.15,2021-04-17,"comida"
"Carla",9.32,2021-04-18,"curso"
"Ana",244.52,2021-04-19,"casa"
"Ana",502.17,2021-04-20,"casa"
"Diogo",-1.47,2021-04-21,"curso"
"Carla",576.16,2021-04-22,"casa"
"Diogo",139.44,2021-04-23,"comida"
"Diogo",-8.21,2021-04-24,"misc"
"Francisco",696.91,2021-04-25,"casa"
"Bruno",6.04,2021-04-26,"comida"
"Bruno",79.9,2021-04-27,"curso"
"Eva",82.3,2021-04-28,"casa"
"Diogo",392.24,2021-04-29,"carro"
"Diogo",-9.86,2021-04-30,"carro"
"Carla",100.58,2021-05-01,"curso"
"Francisco",179.46,2021-05-02,"comida"
"Carla",193.38,2021-05-03,"comida"
"Ana",16.33,2021-05-04,"casa"
"Carla",19.19,2021-05-05,"comida"
"Eva",3.33,2021-05-06,"misc"
"Ana",33.27,2021-05-07,"misc"
"Eva",38.62,2021-05-08,"casa"
"Eva",97.41,2021-05-09,"curso"
"Carla",134.7,2021-05-10,"casa"
"Bruno",93.19,2021-05-11,"comida"
"Ana",21.99,2021-05-12,"curso"
"Carla",139.07,2021-05-13,"curso"
"Bruno",334.46,2021-05-14,"misc"
"Diogo",250.97,2021-05-15,"curso"
"Ana",80.65,2021-05-16,"casa"
"Eva",-32.36,2021-05-17,"curso"
"Eva",181.17,2021-05-18,"comida"
"Bruno",41.41,2021-05-19,"comida"
"Carla",461.81,2021-05-20,"comida"
"Ana",91.14,2021-05-21,"carro"
"Bruno",14.17,2021-05-22,"casa"
"Eva",866.98,2021-05-23,"comida"
"Carla",-20.24,2021-05-24,"comida"
"Carla",18.66,2021-05-25,"casa"
"Bruno",29.13,2021-05-26,"casa"
"Diogo",18.48,2021-05-27,"casa"
"Ana",111.24,2021-05-28,"casa"
"Ana",-23.6,2021-05-29,"comida"
"Ana",42.48,2021-05-30,"comida"
"Francisco",396.33,2021-05-31,"comida"
"Ana",-12.61,2021-06-01,"comida"
"Eva",270.28,2021-06-02,"casa"
"Diogo",34.04,2021-06-03,"misc"
"Bruno",80.07,2021-06-04,"comida"
"Carla",179.32,2021-06-05,"carro"
"Eva",-24.82,2021-06-06,"curso"
"Carla",380.35,2021-06-07,"comida"
"Ana",61.75,2021-06-08,"casa"
"Diogo",-3.27,2021-06-09,"comida"
"Diogo",-13.85,2021-06-10,"misc"
"Ana",-4.11,2021-06-11,"misc"
"Francisco",-46.01,2021-06-12,"comida"
"Eva",4.74,2021-06-13,"comida"
"Bruno",-15.7,2021-06-14,"comida"
"Carla",12.5,2021-06-15,"comida"
"Bruno",30.08,2021-06-16,"comida"
"Diogo",-30.77,2021-06-17,"casa"
"Francisco",16.61,2021-06-18,"casa"
"Ana",239.42,2021-06-19,"comida"
"Diogo",309.58,2021-06-20,"curso"
"Eva",-10.97,2021-06-21,"curso"
"Bruno",29.31,2021-06-22,"comida"
"Ana",145.93,2021-06-23,"comida"
"Eva",-13.82,2021-06-24,"curso"
"Eva",22.4,2021-06-25,"comida"
"Eva",185.09,2021-06-26,"casa"
"Francisco",-8.15,2021-06-27,"curso"
"Carla",25.07,2021-06-28,"misc"
"Francisco",6.55,2021-06-29,"casa"
"Carla",30,2021-06-30,"curso"
"Ana",117.58,2021-07-01,"curso"
"Bruno",67.36,2021-07-02,"comida"
"Diogo",-5.17,2021-07-03,"comida"
"Diogo",157.53,2021-07-04,"casa"
"Eva",93.11,2021-07-05,"casa"
"Carla",212.16,2021-07-06,"comida"
"Eva",125.2,2021-07-07,"carro"
"Francisco",-28.62,2021-07-08,"casa"
"Ana",-5.41,2021-07-09,"misc"
"Bruno",165.19,2021-07-10,"curso"
"Diogo",83.61,2021-07-11,"curso"
"Diogo",207.68,2021-07-12,"casa"
"Eva",130.95,2021-07-13,"casa"
"Diogo",3.57,2021-07-14,"comida"
"Carla",208.27,2021-07-15,"casa"
"Diogo",123.29,2021-07-16,"curso"
"Carla",101.05,2021-07-17,"casa"
"Ana",-25.66,2021-07-18,"curso"
"Eva",-35.11,2021-07-19,"curso"
"Ana",-41.51,2021-07-20,"curso"
"Ana",130.63,2021-07-21,"comida"
"Bruno",188.09,2021-07-22,"comida"
"Ana",109.3,2021-07-23,"casa"
"Bruno",451.64,2021-07-24,"comida"
"Francisco",143.31,2021-07-25,"casa"
"Francisco",-37.51,2021-07-26,"comida"
"Carla",392.59,2021-07-27,"casa"
"Carla",242.67,2021-07-28,"curso"
"Ana",183.15,2021-07-29,"casa"
"Francisco",58.13,2021-07-30,"comida"
"Eva",794.68,2021-07-31,"carro"
"Eva",19.65,2021-08-01,"carro"
"Ana",154.71,2021-08-02,"comida"
"Bruno",101.32,2021-08-03,"casa"
"Eva",41.42,2021-08-04,"misc"
"Francisco",20.99,2021-08-05,"curso"
"Eva",-21.5,2021-08-06,"misc"
"Ana",11.33,2021-08-07,"comida"
"Eva",12.58,2021-08-08,"casa"
"Ana",-30.44,2021-08-09,"casa"
"Francisco",57.84,2021-08-10,"comida"
"Eva",-22.29,2021-08-11,"casa"
"Francisco",130.15,2021-08-12,"comida"
"Eva",155.84,2021-08-13,"misc"
"Bruno",-11.23,2021-08-14,"comida"
"Diogo",137.07,2021-08-15,"misc"
"Bruno",346.74,2021-08-16,"carro"
"Eva",-36.68,2021-08-17,"curso"
"Diogo",734.57,2021-08-18,"comida"
"Francisco",-1.52,2021-08-19,"comida"
"Eva",121.45,2021-08-20,"curso"
"Carla",564.95,2021-08-21,"carro"
"Carla",180.88,2021-08-22,"casa"
"Ana",10.58,2021-08-23,"casa"
"Bruno",-24.18,2021-08-24,"casa"
"Ana",25.68,2021-08-25,"comida"
"Francisco",298.91,2021-08-26,"casa"
"Ana",149.69,2021-08-27,"casa"
"Francisco",-37.9,2021-08-28,"casa"
"Francisco",-21.38,2021-08-29,"casa"
"Carla",22.68,2021-08-30,"misc"
"Eva",102.4,2021-08-31,"comida"
"Diogo",58.43,2021-09-01,"comida"
"Eva",-21.01,2021-09-02,"casa"
"Francisco",75.95,2021-09-03,"curso"
"Eva",3.68,2021-09-04,"casa"
"Ana",112.51,2021-09-05,"curso"
"Bruno",65.7,2021-09-06,"casa"
"Ana",116.79,2021-09-07,"comida"
"Francisco",367.65,2021-09-08,"casa"
"Francisco",35.17,2021-09-09,"curso"
"Carla",74.25,2021-09-10,"curso"
"Ana",347.76,2021-09-11,"casa"
"Diogo",-18.79,2021-09-12,"comida"
"Bruno",46.2,2021-09-13,"casa"
"Diogo",62.44,2021-09-14,"casa"
"Carla",192.28,2021-09-15,"misc"
"Ana",49.18,2021-09-16,"curso"
"Eva",28.36,2021-09-17,"comida"
"Carla",110.09,2021-09-18,"comida"
"Diogo",34.23,2021-09-19,"comida"
"Diogo",-39.98,2021-09-20,"casa"
"Carla",81.01,2021-09-21,"carro"
"Bruno",3.25,2021-09-22,"comida"
"Francisco",158.53,2021-09-23,"misc"
"Carla",70.91,2021-09-24,"casa"
"Carla",306.97,2021-09-25,"comida"
"Diogo",44.34,2021-09-26,"comida"
"Ana",66.73,2021-09-27,"casa"
"Eva",101.98,2021-09-28,"curso"
"Eva",-8.19,2021-09-29,"casa"
"Carla",76.17,2021-09-30,"comida"
"Carla",119.79,2021-10-01,"comida"
"Eva",234.98,2021-10-02,"misc"
"Eva",-16.13,2021-10-03,"comida"
"Eva",569.82,2021-10-04,"comida"
"Bruno",414.32,2021-10-05,"curso"
"Eva",120.42,2021-10-06,"casa"
"Ana",-6.54,2021-10-07,"comida"
"Ana",-28.64,2021-10-08,"comida"
"Diogo",36.02,2021-10-09,"carro"
"Francisco",73.32,2021-10-10,"misc"
"Francisco",5.08,2021-10-11,"carro"
"Eva",14.81,2021-10-12,"curso"
"Francisco",435.15,2021-10-13,"casa"
"Diogo",473.28,2021-10-14,"curso"
"Eva",204.67,2021-10-15,"curso"
"Ana",13.87,2021-10-16,"comida"
"Carla",165.77,2021-10-17,"comida"
"Eva",-29.38,2021-10-18,"curso"
"Diogo",-22.33,2021-10-19,"comida"
"Eva",-4.5,2021-10-20,"casa"
"Francisco",93.27,2021-10-21,"casa"
"Carla",885.11,2021-10-22,"comida"
"Eva",36.25,2021-10-23,"comida"
"Eva",23.82,2021-10-24,"casa"
"Bruno",37.42,2021-10-25,"comida"
"Ana",-19.81,2021-10-26,"misc"
"Bruno",119.42,2021-10-27,"carro"
"Bruno",362.02,2021-10-28,"curso"
"Diogo",38.4,2021-10-29,"casa"
"Eva",77.6,2021-10-30,"comida"
"Diogo",173.16,2021-10-31,"comida"
"Diogo",91.7,2021-11-01,"misc"
"Carla",186.01,2021-11-02,"casa"
"Carla",-22.75,2021-11-03,"misc"
"Carla",689.63,2021-11-04,"misc"
"Bruno",88.49,2021-11-05,"misc"
"Bruno",-1.33,2021-11-06,"comida"
"Diogo",62.14,2021-11-07,"curso"
"Ana",-36.51,2021-11-08,"comida"
"Diogo",159.96,2021-11-09,"carro"
"Francisco",-26.6,2021-11-10,"curso"
"Bruno",380.22,2021-11-11,"casa"
"Eva",-25.47,2021-11-12,"casa"
"Bruno",171.55,2021-11-13,"comida"
"Bruno",79.19,2021-11-14,"curso"
"Diogo",144.14,2021-11-15,"comida"
"Carla",54.44,2021-11-16,"comida"
"Francisco",-15.52,2021-11-17,"curso"
"Ana",8,2021-11-18,"curso"
"Diogo",168.39,2021-11-19,"casa"
"Carla",-21.4,2021-11-20,"comida"
"Bruno",629.14,2021-11-21,"comida"
"Bruno",586.44,2021-11-22,"comida"
"Eva",0.88,2021-11-23,"comida"
"Francisco",35.02,2021-11-24,"curso"
"Francisco",-15.22,2021-11-25,"carro"
"Diogo",90.46,2021-11-26,"casa"
"Francisco",141.09,2021-11-27,"comida"
"Ana",77.51,2021-11-28,"casa"
"Francisco",34.34,2021-11-29,"casa"
"Diogo",13.45,2021-11-30,"carro"
"Eva",56.35,2021-12-01,"curso"
"Ana",263.73,2021-12-02,"casa"
"Bruno",32.57,2021-12-03,"comida"
"Eva",7.85,2021-12-04,"misc"
"Bruno",6.66,2021-12-05,"curso"
"Eva",147.91,2021-12-06,"misc"
"Diogo",-29.44,2021-12-07,"comida"
"Eva",49.6,2021-12-08,"casa"
"Eva",92.77,2021-12-09,"comida"
"Eva",76.48,2021-12-10,"misc"
"Carla",17.04,2021-12-11,"curso"
"Eva",71.19,2021-12-12,"casa"
"Eva",-33.41,2021-12-13,"comida"
"Bruno",100.73,2021-12-14,"curso"
"Eva",29.07,2021-12-15,"curso"
"Francisco",-16.7,2021-12-16,"comida"
"Eva",214.37,2021-12-17,"comida"
"Bruno",-31.77,2021-12-18,"carro"
"Diogo",96.58,2021-12-19,"casa"
"Diogo",10.17,2021-12-20,"misc"
"Eva",335.82,2021-12-21,"casa"
"Ana",256.88,2021-12-22,"misc"
"Ana",251.56,2021-12-23,"comida"
"Carla",34.58,2021-12-24,"comida"
"Diogo",30,2021-12-25,"comida"
"Francisco",109.12,2021-12-26,"carro"
"Ana",73.24,2021-12-27,"comida"
"Diogo",170.09,2021-12-28,"carro"
"Carla",299,2021-12-29,"curso"
"Francisco",3.85,2021-12-30,"misc"
"Carla",-1.58,2021-12-31,"comida"
"Eva",227.08,2022-01-01,"casa"
"Ana",-7.93,2022-01-02,"comida"
"Diogo",86.65,2022-01-03,"casa"
"Ana",56.91,2022-01-04,"misc"
"Eva",378.8,2022-01-05,"casa"
"Diogo",37.15,2022-01-06,"carro"
"Carla",54.92,2022-01-07,"curso"
"Carla",722.53,2022-01-08,"comida"
"Diogo",19.26,2022-01-09,"comida"
"Eva",289.7,2022-01-10,"casa"
"Diogo",7.38,2022-01-11,"comida"
"Francisco",586.5,2022-01-12,"casa"
"Eva",78.42,2022-01-13,"carro"
"Ana",-20.33,2022-01-14,"casa"
"Carla",-39.7,2022-01-15,"carro"
"Francisco",637.07,2022-01-16,"curso"
"Diogo",42.67,2022-01-17,"curso"
"Eva",103.48,2022-01-18,"casa"
"Diogo",-30.76,2022-01-19,"comida"
"Ana",943.81,2022-01-20,"curso"
"Carla",-19.8,2022-01-21,"casa"
"Francisco",217.24,2022-01-22,"curso"
"Eva",90.1,2022-01-23,"carro"
"Carla",102.71,2022-01-24,"comida"
"Diogo",127.96,2022-01-25,"misc"
"Diogo",17.29,2022-01-26,"curso"
"Eva",13.96,2022-01-27,"curso"
"Carla",61.4,2022-01-28,"misc"
"Francisco",326.08,2022-01-29,"casa"
"Eva",226.42,2022-01-30,"casa"
"Diogo",12.85,2022-01-31,"casa"
"Carla",-25.95,2022-02-01,"curso"
"Diogo",226.93,2022-02-02,"misc"
"Diogo",-26.24,2022-02-03,"comida"
"Francisco",157.32,2022-02-04,"curso"
"Francisco",2.49,2022-02-05,"comida"
"Bruno",-10.02,2022-02-06,"comida"
"Ana",145.68,2022-02-07,"comida"
"Francisco",36.19,2022-02-08,"comida"
"Bruno",179.5,2022-02-09,"casa"
"Francisco",816.29,2022-02-10,"casa"
"Diogo",1097.55,2022-02-11,"comida"
"Ana",59.97,2022-02-12,"casa"
"Diogo",78.39,2022-02-13,"comida"
"Francisco",-31.87,2022-02-14,"comida"
"Carla",23.25,2022-02-15,"casa"
"Bruno",26.47,2022-02-16,"curso"
"Ana",103.83,2022-02-17,"comida"
"Francisco",363.85,2022-02-18,"comida"
"Ana",7.18,2022-02-19,"curso"
"Eva",78.83,2022-02-20,"curso"
"Eva",55.14,2022-02-21,"comida"
"Francisco",41.23,2022-02-22,"comida"
"Diogo",78.24,2022-02-23,"casa"
"Francisco",14.28,2022-02-24,"comida"
"Ana",6.9,2022-02-25,"casa"
"Diogo",307.59,2022-02-26,"casa"
"Diogo",261.33,2022-02-27,"misc"
"Francisco",94.93,2022-02-28,"comida"
"Ana",676.11,2022-03-01,"comida"
"Bruno",102.45,2022-03-02,"casa"
"Diogo",-23.14,2022-03-03,"comida"
"Diogo",-8.46,2022-03-04,"casa"
"Francisco",-18.14,2022-03-05,"carro"
"Bruno",-9.33,2022-03-06,"comida"
"Eva",-43.18,2022-03-07,"curso"
"Bruno",-22.77,2022-03-08,"casa"
"Francisco",38.12,2022-03-09,"casa"
"Ana",201.84,2022-03-10,"curso"
"Francisco",301.81,2022-03-11,"carro"
"Ana",35.44,2022-03-12,"comida"
"Carla",-7.1,2022-03-13,"curso"
"Eva",908.62,2022-03-14,"casa"
"Bruno",-33.32,2022-03-15,"casa"
"Eva",157.17,2022-03-16,"comida"
"Carla",-26.74,2022-03-17,"curso"
"Eva",3.35,2022-03-18,"curso"
"Eva",142.93,2022-03-19,"casa"
"Ana",142.65,2022-03-20,"comida"
"Bruno",6.15,2022-03-21,"comida"
"Eva",38.69,2022-03-22,"casa"
"Diogo",-1.3,2022-03-23,"casa"
"Ana",30.86,2022-03-24,"carro"
"Eva",39.57,2022-03-25,"casa"
"Francisco",389.61,2022-03-26,"casa"
"Bruno",-40.4,2022-03-27,"comida"
"Bruno",73.55,2022-03-28,"comida"
"Eva",26.85,2022-03-29,"casa"
"Carla",514.75,2022-03-30,"comida"
"Carla",57.11,2022-03-31,"casa"
"Bruno",171.28,2022-04-01,"carro"
"Bruno",29.45,2022-04-02,"casa"
"Diogo",32.83,2022-04-03,"casa"
"Eva",66.51,2022-04-04,"casa"
"Bruno",354.34,2022-04-05,"casa"
"Eva",3.38,2022-04-06,"comida"
"Francisco",89.16,2022-04-07,"casa"
"Diogo",306.42,2022-04-08,"carro"
"Francisco",127.87,2022-04-09,"curso"
"Eva",-14.47,2022-04-10,"comida"
"Diogo",-20.65,2022-04-11,"casa"
"Eva",-23.16,2022-04-12,"comida"
"Francisco",-39.03,2022-04-13,"casa"
"Francisco",12.2,2022-04-14,"misc"
"Eva",48.06,2022-04-15,"carro"
"Diogo",103.44,2022-04-16,"comida"
"Eva",-25.72,2022-04-17,"curso"
"Francisco",-26.31,2022-04-18,"curso"
"Diogo",61.5,2022-04-19,"misc"
"Bruno",329.96,2022-04-20,"misc"
"Eva",79.93,2022-04-21,"comida"
"Francisco",223.71,2022-04-22,"casa"
"Eva",-15.39,2022-04-23,"carro"
"Carla",79.14,2022-04-24,"comida"
"Carla",-44.82,2022-04-25,"comida"
"Eva",40.59,2022-04-26,"comida"
"Diogo",39.8,2022-04-27,"curso"
"Bruno",-17.64,2022-04-28,"casa"
"Francisco",-7.14,2022-04-29,"casa"
"Francisco",186.54,2022-04-30,"comida"
"Ana",75.45,2022-05-01,"casa"
"Eva",-27.93,2022-05-02,"comida"
"Ana",21.75,2022-05-03,"curso"
"Bruno",235.12,2022-05-04,"carro"
"Eva",2534.02,2022-05-05,"casa"
"Eva",20.56,2022-05-06,"curso"
"Ana",-17.59,2022-05-07,"casa"
"Ana",354.42,2022-05-08,"curso"
"Bruno",78.67,2022-05-09,"carro"
"Eva",105.66,2022-05-10,"curso"
"Carla",-16.12,2022-05-11,"comida"
"Francisco",-19.95,2022-05-12,"misc"
"Ana",-20.43,2022-05-13,"casa"
"Carla",12.66,2022-05-14,"curso"
"Bruno",-26.02,2022-05-15,"comida"
"Bruno",168.24,2022-05-16,"misc"
"Eva",24.54,2022-05-17,"curso"
"Diogo",429.53,2022-05-18,"curso"
"Francisco",373.49,2022-05-19,"carro"
"Ana",4.78,2022-05-20,"carro"
"Bruno",9.05,2022-05-21,"casa"
"Carla",22.22,2022-05-22,"misc"
"Ana",68.2,2022-05-23,"curso"
"Eva",58.86,2022-05-24,"casa"
"Bruno",-23.98,2022-05-25,"misc"
"Carla",114.76,2022-05-26,"casa"
"Diogo",48.02,2022-05-27,"curso"
"Bruno",74.55,2022-05-28,"casa"
"Carla",268.31,2022-05-29,"comida"
"Carla",7.16,2022-05-30,"casa"
"Francisco",321.93,2022-05-31,"casa"
"Eva",37.5,2022-06-01,"carro"
"Ana",-18.52,2022-06-02,"carro"
"Bruno",2.76,2022-06-03,"misc"
"Eva",36.66,2022-06-04,"curso"
"Diogo",3.03,2022-06-05,"casa"
"Diogo",56.27,2022-06-06,"comida"
"Ana",503.85,2022-06-07,"casa"
"Carla",40.84,2022-06-08,"misc"
"Ana",320.03,2022-06-09,"curso"
"Francisco",148.47,2022-06-10,"casa"
"Francisco",188.71,2022-06-11,"carro"
"Francisco",32.86,2022-06-12,"comida"
"Eva",327.83,2022-06-13,"casa"
"Diogo",-20.06,2022-06-14,"casa"
"Ana",91.42,2022-06-15,"curso"
"Ana",191.6,2022-06-16,"casa"
"Francisco",134.35,2022-06-17,"casa"
"Ana",83.15,2022-06-18,"comida"
"Diogo",-19.59,2022-06-19,"comida"
"Francisco",92.78,2022-06-20,"comida"
"Diogo",202.56,2022-06-21,"curso"
"Carla",191.93,2022-06-22,"comida"
"Ana",-3.08,2022-06-23,"casa"
"Bruno",305.23,2022-06-24,"comida"
"Carla",49.06,2022-06-25,"comida"
"Diogo",3.66,2022-06-26,"misc"
"Bruno",136.03,2022-06-27,"carro"
"Ana",20.3,2022-06-28,"comida"
"Carla",193.4,2022-06-29,"carro"
"Carla",-23.21,2022-06-30,"comida"
"Carla",80.97,2022-07-01,"curso"
"Eva",-15.13,2022-07-02,"comida"
"Diogo",-16.3,2022-07-03,"carro"
"Bruno",50.16,2022-07-04,"curso"
"Diogo",268.19,2022-07-05,"misc"
"Diogo",88.9,2022-07-06,"curso"
"Diogo",103.86,2022-07-07,"comida"
"Francisco",20.55,2022-07-08,"carro"
"Bruno",-4.23,2022-07-09,"comida"
"Bruno",70.62,2022-07-10,"casa"
"Bruno",-16.88,2022-07-11,"casa"
"Eva",6.54,2022-07-12,"comida"
"Diogo",-25.67,2022-07-13,"misc"
"Francisco",-8.19,2022-07-14,"carro"
"Ana",-6.25,2022-07-15,"casa"
"Eva",32.54,2022-07-16,"casa"
"Carla",32.84,2022-07-17,"curso"
"Ana",-21.94,2022-07-18,"misc"
"Ana",162.71,2022-07-19,"comida"
"Eva",81.64,2022-07-20,"curso"
"Eva",-7.96,2022-07-21,"comida"
"Eva",485.35,2022-07-22,"curso"
"Francisco",79.68,2022-07-23,"casa"
"Carla",57.5,2022-07-24,"curso"
"Bruno",15.39,2022-07-25,"curso"
"Diogo",28.13,2022-07-26,"comida"
"Ana",-26.44,2022-07-27,"casa"
"Francisco",342.63,2022-07-28,"curso"
"Carla",272.68,2022-07-29,"comida"
"Francisco",129.1,2022-07-30,"comida"
"Eva",-22.91,2022-07-31,"casa"
"Eva",181.21,2022-08-01,"comida"
"Carla",-18.81,2022-08-02,"casa"
"Eva",214.37,2022-08-03,"comida"
"Francisco",166.59,2022-08-04,"comida"
"Eva",3.46,2022-08-05,"misc"
"Eva",50.92,2022-08-06,"casa"
"Diogo",-34.95,2022-08-07,"curso"
"Ana",-0.1,2022-08-08,"comida"
"Eva",186.46,2022-08-09,"curso"
"Bruno",308.89,2022-08-10,"misc"
"Eva",12.39,2022-08-11,"comida"
"Francisco",2.93,2022-08-12,"comida"
"Francisco",-19.39,2022-08-13,"comida"
"Carla",59.31,2022-08-14,"curso"
"Bruno",23.75,2022-08-15,"curso"
"Francisco",67.96,2022-08-16,"curso"
"Carla",147.65,2022-08-17,"casa"
"Carla",5.3,2022-08-18,"misc"
"Carla",134.9,2022-08-19,"carro"
"Bruno",-29.42,2022-08-20,"comida"
"Diogo",16.44,2022-08-21,"curso"
"Francisco",179.18,2022-08-22,"comida"
"Diogo",-25.83,2022-08-23,"comida"
"Diogo",129.1,2022-08-24,"comida"
"Eva",93.81,2022-08-25,"casa"
"Bruno",-7.73,2022-08-26,"curso"
"Diogo",-9.55,2022-08-27,"casa"
"Eva",150.9,2022-08-28,"casa"
"Ana",1.63,2022-08-29,"casa"
"Carla",102.21,2022-08-30,"casa"
"Eva",-23.26,2022-08-31,"carro"
"Francisco",157.63,2022-09-01,"comida"
"Diogo",-23.53,2022-09-02,"comida"
"Eva",38.46,2022-09-03,"casa"
"Francisco",284.2,2022-09-04,"comida"
"Ana",141.71,2022-09-05,"misc"
"Bruno",84.23,2022-09-06,"curso"
"Francisco",-8,2022-09-07,"casa"
"Francisco",145.93,2022-09-08,"curso"
"Diogo",37.44,2022-09-09,"comida"
"Eva",-10.89,2022-09-10,"misc"
"Eva",-29.37,2022-09-11,"curso"
"Ana",105.38,2022-09-12,"casa"
"Francisco",24.73,2022-09-13,"misc"
"Diogo",28.18,2022-09-14,"comida"
"Carla",6.81,2022-09-15,"casa"
"Francisco",25.76,2022-09-16,"misc"
"Eva",13.97,2022-09-17,"casa"
"Eva",114.38,2022-09-18,"casa"
"Ana",-35.12,2022-09-19,"comida"
"Francisco",-29.68,2022-09-20,"casa"
"Ana",8.2,2022-09-21,"casa"
"Diogo",48.47,2022-09-22,"misc"
"Diogo",2.99,2022-09-23,"casa"
"Ana",26.97,2022-09-24,"comida"
"Carla",59.06,2022-09-25,"curso"
"Eva",220.4,2022-09-26,"curso"
"Francisco",-38.37,2022-09-27,"curso"
"Francisco",24.55,2022-09-28,"curso"
"Diogo",4.98,2022-09-29,"carro"
"Francisco",72.63,2022-09-30,"comida"
"Diogo",-12.81,2022-10-01,"casa"
"Diogo",64.66,2022-10-02,"carro"
"Diogo",27.37,2022-10-03,"curso"
"Diogo",70.26,2022-10-04,"curso"
"Francisco",159.43,2022-10-05,"curso"
"Eva",-4.15,2022-10-06,"curso"
"Bruno",384.93,2022-10-07,"casa"
"Diogo",55.34,2022-10-08,"curso"
"Francisco",-19.24,2022-10-09,"carro"
"Bruno",126.85,2022-10-10,"curso"
"Eva",25.86,2022-10-11,"curso"
"Carla",17.25,2022-10-12,"misc"
"Ana",390.46,2022-10-13,"comida"
"Diogo",-5.26,2022-10-14,"casa"
"Bruno",-18.27,2022-10-15,"comida"
"Bruno",132.04,2022-10-16,"curso"
"Carla",-42.44,2022-10-17,"casa"
"Bruno",96.15,2022-10-18,"curso"
"Bruno",1.66,2022-10-19,"casa"
"Diogo",96.48,2022-10-20,"comida"
"Carla",20.99,2022-10-21,"carro"
"Carla",-3.49,2022-10-22,"comida"
"Diogo",-23.27,2022-10-23,"casa"
"Diogo",9.15,2022-10-24,"casa"
"Carla",100.58,2022-10-25,"curso"
"Carla",185.32,2022-10-26,"comida"
"Eva",44.56,2022-10-27,"carro"
"Francisco",16.12,2022-10-28,"curso"
"Francisco",114.66,2022-10-29,"comida"
"Carla",241.48,2022-10-30,"comida"
"Eva",111.46,2022-10-31,"misc"
"Francisco",166.23,2022-11-01,"comida"
"Diogo",176.59,2022-11-02,"comida"
"Diogo",36.57,2022-11-03,"curso"
"Francisco",20.36,2022-11-04,"casa"
"Francisco",18.57,2022-11-05,"curso"
"Carla",57.99,2022-11-06,"comida"
"Bruno",91.9,2022-11-07,"casa"
"Diogo",19,2022-11-08,"comida"
"Ana",-29.97,2022-11-09,"misc"
"Diogo",14.52,2022-11-10,"misc"
"Diogo",1483.25,2022-11-11,"curso"
"Diogo",-19.11,2022-11-12,"curso"
"Francisco",-21.77,2022-11-13,"misc"
"Francisco",-22.39,2022-11-14,"misc"
"Eva",167.97,2022-11-15,"curso"
"Bruno",-4.18,2022-11-16,"casa"
"Francisco",-7.47,2022-11-17,"curso"
"Carla",-29.24,2022-11-18,"comida"
"Eva",27,2022-11-19,"misc"
"Francisco",44.57,2022-11-20,"curso"
"Carla",-36.23,2022-11-21,"casa"
"Ana",31.96,2022-11-22,"misc"
"Eva",50.42,2022-11-23,"curso"
"Bruno",85.24,2022-11-24,"carro"
"Carla",57.02,2022-11-25,"comida"
"Ana",-4.38,2022-11-26,"comida"
"Francisco",436.24,2022-11-27,"comida"
"Eva",101.81,2022-11-28,"carro"
"Diogo",227.8,2022-11-29,"casa"
"Diogo",-37.79,2022-11-30,"carro"
"Francisco",33.32,2022-12-01,"curso"
"Bruno",7.02,2022-12-02,"casa"
"Eva",239.55,2022-12-03,"comida"
"Ana",-13.03,2022-12-04,"comida"
"Diogo",4.16,2022-12-05,"carro"
"Bruno",-21.55,2022-12-06,"curso"
"Eva",1489.17,2022-12-07,"curso"
"Eva",37.41,2022-12-08,"curso"
"Diogo",172.96,2022-12-09,"curso"
"Francisco",18.96,2022-12-10,"casa"
"Ana",84.26,2022-12-11,"curso"
"Francisco",70.19,2022-12-12,"misc"
"Carla",-10.6,2022-12-13,"comida"
"Eva",421.58,2022-12-14,"misc"
"Ana",1358.04,2022-12-15,"curso"
"Bruno",-31.36,2022-12-16,"misc"
"Francisco",-28.73,2022-12-17,"casa"
"Bruno",38.54,2022-12-18,"comida"
"Bruno",1.21,2022-12-19,"comida"
"Carla",-37.07,2022-12-20,"curso"
"Diogo",35.64,2022-12-21,"curso"
"Ana",0.1,2022-12-22,"comida"
"Francisco",483.63,2022-12-23,"curso"
"Eva",-41.32,2022-12-24,"comida"
"Francisco",83.91,2022-12-25,"curso"
"Eva",23.81,2022-12-26,"curso"
"Diogo",-1.49,2022-12-27,"curso"
"Bruno",171.97,2022-12-28,"carro"
"Eva",323.52,2022-12-29,"casa"
"Ana",503.3,2022-12-30,"curso"
"Carla",420.74,2022-12-31,"casa"
"Bruno",13.07,2023-01-01,"casa"
"Carla",31.97,2023-01-02,"misc"
"Ana",1524.13,2023-01-03,"curso"
"Bruno",-18.15,2023-01-04,"casa"
"Carla",25.87,2023-01-05,"carro"
"Diogo",48.89,2023-01-06,"comida"
"Carla",15.45,2023-01-07,"comida"
"Eva",39.72,2023-01-08,"comida"
"Eva",35.46,2023-01-09,"comida"
"Eva",90.87,2023-01-10,"comida"
"Ana",317.29,2023-01-11,"comida"
"Bruno",6.96,2023-01-12,"comida"
"Ana",261.61,2023-01-13,"comida"
"Eva",-21.43,2023-01-14,"comida"
"Carla",399.17,2023-01-15,"curso"
"Bruno",116.04,2023-01-16,"casa"
"Carla",216.47,2023-01-17,"misc"
"Bruno",-10.48,2023-01-18,"carro"
"Carla",77.14,2023-01-19,"comida"
"Carla",-19.95,2023-01-20,"curso"
"Ana",-21.47,2023-01-21,"comida"
"Carla",-40.28,2023-01-22,"curso"
"Ana",-29.99,2023-01-23,"carro"
"Bruno",95.54,2023-01-24,"casa"
"Ana",119.65,2023-01-25,"casa"
"Diogo",57.17,2023-01-26,"misc"
"Carla",6.16,2023-01-27,"casa"
"Ana",-24.75,2023-01-28,"casa"
"Diogo",88.9,2023-01-29,"curso"
"Eva",-34.83,2023-01-30,"carro"
"Diogo",-37.52,2023-01-31,"misc"
"Francisco",-5,2023-02-01,"misc"
"Eva",-4.72,2023-02-02,"comida"
"Ana",2.11,2023-02-03,"comida"
"Eva",-16.02,2023-02-04,"casa"
"Francisco",45.49,2023-02-05,"casa"
"Carla",85.9,2023-02-06,"comida"
"Carla",48.18,2023-02-07,"comida"
"Eva",115.26,2023-02-08,"comida"
"Carla",50.23,2023-02-09,"casa"
"Francisco",136.57,2023-02-10,"curso"
"Eva",35.44,2023-02-11,"carro"
"Carla",-7.67,2023-02-12,"comida"
"Eva",1.3,2023-02-13,"casa"
"Ana",2.17,2023-02-14,"curso"
"Bruno",108.93,2023-02-15,"carro"
"Carla",-3.59,2023-02-16,"casa"
"Eva",99.23,2023-02-17,"carro"
"Eva",62.8,2023-02-18,"casa"
"Diogo",-14.56,2023-02-19,"casa"
"Bruno",182.73,2023-02-20,"comida"
"Bruno",-20.66,2023-02-21,"casa"
"Eva",8.45,2023-02-22,"curso"
"Diogo",106.26,2023-02-23,"comida"
"Bruno",-31.51,2023-02-24,"comida"
"Diogo",265.9,2023-02-25,"comida"
"Eva",-18.59,2023-02-26,"curso"
"Francisco",-22.75,2023-02-27,"misc"
"Bruno",69.35,2023-02-28,"curso"
"Eva",-2.18,2023-03-01,"curso"
"Bruno",184.68,2023-03-02,"curso"
"Ana",-38.87,2023-03-03,"casa"
"Francisco",64.99,2023-03-04,"comida"
"Ana",252.4,2023-03-05,"comida"
"Francisco",-24.1,2023-03-06,"casa"
"Eva",-4.25,2023-03-07,"casa"
"Diogo",279.06,2023-03-08,"casa"
"Bruno",-15.54,2023-03-09,"misc"
"Ana",332.11,2023-03-10,"casa"
"Ana",65.81,2023-03-11,"casa"
"Ana",-18.43,2023-03-12,"comida"
"Carla",106.65,2023-03-13,"carro"
"Carla",-2.15,2023-03-14,"curso"
"Carla",-19.71,2023-03-15,"comida"
